防雷手册, 第一次冒险：抵达德拉斯堡, F1, 
码头工人的缠手布, 第一次冒险：抵达德拉斯堡, F1, 
比赛用剑, 第二次冒险：金锚, F1, 
真丝披风, 第二次冒险：金锚, F1, 
防雷手册, 第二次冒险：金锚, F1, 
防雷手册, 第三次冒险：第一份合同, F1, 
亚麻披风, 第三次冒险：第一份合同, F3, 
布衬衫, 第三次冒险：第一份合同, F3, 
防雷手册, 第三次冒险：第一份合同, F3, 
小袋宝石碎块, 第三次冒险：第一份合同, F3, (必定掉落/仅限一次)
狼皮, 第五次冒险：金锚的比赛, F1, 
皮衣, 第五次冒险：金锚的比赛, F1, 
亚麻披风, 第五次冒险：金锚的比赛, F4, 
布衬衫, 第五次冒险：金锚的比赛, F4, 
防雷手册, 第五次冒险：金锚的比赛, F4, 
亚麻披风, 第六次冒险：森林深处的废墟, F1, 
布衬衫, 第六次冒险：森林深处的废墟, F3, 
一小包宝石, 第六次冒险：森林深处的废墟, F4, 
真丝披风, 第六次冒险：森林深处的废墟, F5, 
邪恶强盗披风, 林中强盗, F3, 
邪恶强盗匕首, 林中强盗, F3, 
匕首, 林中强盗, F2, 
樵夫的皮带子, 林中强盗, F3, 
蓝色毡帽, 林中强盗, F3, 
面包刀, 林中强盗, F3, 
邪恶强盗披风, 前往米勒巴赫的旅程, F1, 
邪恶强盗匕首, 前往米勒巴赫的旅程, F1, 
地精盾, 前往米勒巴赫的旅程, F2, 
一瓶啤酒, 前往米勒巴赫的旅程, F3, 
大啤酒杯, 前往米勒巴赫的旅程, F3, 
指挥棒, 喧嚷的酒吧, F1, (队伍传奇等级≥10)
旅馆主人的围裙, 喧嚷的酒吧, F1, 
暗魔法纲要, 喧嚷的酒吧, F1, 
《橡树酒馆的苦麦酒》, 喧嚷的酒吧, F1, (队伍传奇等级≥40)
发霉的干酪, 喧嚷的酒吧, F2, 
古斯塔夫切肉刀, 喧嚷的酒吧, F2, 
古斯塔夫的煎锅, 喧嚷的酒吧, F2, 
地精箭, 喧嚷的酒吧, F3, 
防雷手册, 喧嚷的酒吧, F3, 
暗魔法纲要, 第一份工作, F1, 
赫伯图斯医生的滋补剂, 第一份工作, F4, (+盛着叮叮当当的硬币的皮质小包[X], 周一or周三)
胜利之歌, 第一份工作, F5, 
宴会叉, 第一份工作, F6, 
老鼠尾巴, 港口的仓库, F1, 
跳蚤, 港口的仓库, F2, 
黄铜镇纸, 港口的仓库, F4, 
诚实奖章, 港口的仓库, F5,  携带火把且队伍人数≥7 触发新战斗
普通木制烟斗, 港口的仓库, F6, 
怨恨的碎片, 乡间漫步, F3, 
狙击手银环, 乡间漫步, F4, 
塔娜拉的头巾, 乡间漫步, F5, 
塔娜拉给新手英雄的指南, 乡间漫步, F5, 
一小撮辛辣的胡椒粉, 酒吧底下的地精洞穴, F1, 
地精箭, 酒吧底下的地精洞穴, F2, 
阴险地精法宝, 酒吧底下的地精洞穴, F2, 
兽人地图(尼米亚中部), 酒吧底下的地精洞穴, F3, 
擀面杖, 小题大做, F4, 
玛丽安娜的围裙, 小题大做, F4, 
玛丽安娜的旧舞鞋, 小题大做, F4, 
一瓶古斯塔夫蒸馏酒, 小题大做, F5, 
三角帽, 小题大做, F5, 
一小块泥土, 藏宝图, F2, 
老鼠尾巴, 藏宝图, F4, 
旧花剑, 藏宝图, F5, 
鼠人弹弓, 藏宝图, F5, 
写着矮人符文的纸条, 藏宝图, F6, 
一盒碎甜根, 药材铺, F5, 
新鲜的斑痕巨魔胡, 药材铺, F5, 
新鲜的甜根, 药材铺, F5, 
新鲜的蜘蛛草, 药材铺, F5, 
毒蕈（小盆）, 药材铺, F5, 
薄叶（小盆）, 药材铺, F5, 
针刺草（小盆）, 药材铺, F5, 
魔法毒药（小盆）, 药材铺, F5, 
轻巧的尖刺藤蔓, 药材铺, F5,  (队伍人数≥6 & 队伍传奇等级≥30)
一小瓶迷你桉精油, 药材铺, F5,  携带新鲜的斑痕巨魔胡触发一次性战斗和新剧情
小盆中的奥德瑞三世, 药材铺, F5,  携带新鲜的斑痕巨魔胡触发一次性战斗和新剧情
抄本残页(荒蛮树精), 药材铺, F5,  携带新鲜的斑痕巨魔胡触发一次性战斗和新剧情
苦醋栗（小盆）, 药材铺, F5,  携带新鲜的斑痕巨魔胡触发一次性战斗和新剧情
轻巧的尖刺藤蔓, 药材铺, F5,  携带新鲜的斑痕巨魔胡触发一次性战斗和新剧情
食人花浸剂, 药材铺, F5,  携带新鲜的斑痕巨魔胡触发一次性战斗和新剧情
稻草人帽子, 乌鸦之田, F2, 
赫伯图斯医生的滋补剂, 乌鸦之田, F4, (+盛着叮叮当当的硬币的皮质小包[X], 周四 周五 周六)
新鲜的甜根, 乌鸦之田, F5, 
一盒碎甜根, 乌鸦之田, F5, 
有羽毛的十字弓, 乌鸦之田, F5, 
有羽毛的矢, 乌鸦之田, F5, 
精灵庇护手套, 乌鸦之田, F5, 
惨白寄生蜱, 爬虫的侵袭, F4, 
草药匕首, 爬虫的侵袭, F4, 
被腐蚀的锤子, 爬虫的侵袭, F4, 
弯曲的金属丝, 盗贼公会, F2, 
银质顶针, 盗贼公会, F3, 
小丑斗篷, 盗贼公会, F4, 
普通的木制烟斗, 盗贼公会, F4, 
暗藏玄机的黑手套, 盗贼公会, F4, 
红眼头巾, 盗贼公会, F4, 
被销毁的机密文件, 盗贼公会, F4, (+弯曲的金属丝)
一小包宝石, 盗贼公会, F5, 携带来自默瑞莉雅的讯息触发一次性剧情 无战斗
默瑞莉雅的小包, 盗贼公会, F5, 携带来自默瑞莉雅的讯息触发一次性剧情 无战斗
银质顶针, 盗贼公会, F5, 携带来自默瑞莉雅的讯息触发一次性剧情 无战斗
水蜥蜴鳞片, 静水深流, F3, 
水蜥蜴牙齿, 静水深流, F4, 
狐狸的灵魂, 静水深流, F4, 
藏有两把决斗手枪的良好感知雅各人靴子, 静水深流, F4, 
皱巴巴的纸条, 莫里斯王墓, F1, (队伍人数≥6)
巫妖之手, 莫里斯王墓, F3, 
骨制长矛, 莫里斯王墓, F3, 
黄金头骨, 莫里斯王墓, F4, (+血脉：潜藏的勇气技能等级＞1 or血脉：冒险精神技能等级＞1)
巨大蚊子尖牙, 阴森的树林, F3, 
普通的橡木杖, 阴森的树林, F3, 
兽人萨满护身符, 阴森的树林, F4, 
猎人帽, 阴森的树林, F4, 
厚实的披风, 阴森的树林, F4, 
负鼠的神秘之肤, 阴森的树林, F4, 
森林祝福的绵羊角帽, 阴森的树林, F4, 
蒙那之戒, 阴森的树林, F5, 携带皱巴巴的纸条，6人以上，触发剧情(无战斗 不可重复)
白野猪皮, ''远古恶魔'', F2, 
血猎犬带, ''远古恶魔'', F3, 
乌加索的日记, ''远古恶魔'', F4, 
乌加索的鹅卵石, ''远古恶魔'', F4, 
深绿阴影, ''远古恶魔'', F4, 
赫伯图斯医生的滋补剂, 危急的祖舒亚, F2, （+盛着叮叮当当的硬币的皮质小包[X], 周二 or 周四)
野猪皮, 危急的祖舒亚, F3, 
野猪胡须, 危急的祖舒亚, F3, 
灰熊皮毛, 危急的祖舒亚, F4, 
依莎贝尔的萨克斯管, 危急的祖舒亚, F5, 
猎人帽, 危急的祖舒亚, F5, 
猪尖刀, 危急的祖舒亚, F5, 
祖舒亚的球, 危急的祖舒亚, F5, 
兽人的防护护身符, 克伦切的兽人洞, F2, 
兽人萨满护身符, 克伦切的兽人洞, F3, 
改良过的击剑者军刀, 克伦切的兽人洞, F3, 
良好的黑曜石耳环, 克伦切的兽人洞, F3, 
兽人网, 克伦切的兽人洞, F4, 
野猪皮, 克伦切的兽人洞, F4, 
钢铁护腕, 克伦切的兽人洞, F4, 
兽人萨满腰布, 克伦切的兽人洞, F4, 
蝮蛇魔法腰带, 克伦切的兽人洞, F4, 
负鼠的神秘之肤, 克伦切的兽人洞, F4, 
克伦切的兽人重盾, 克伦切的兽人洞, F4, 
克伦切的厚皮盾, 克伦切的兽人洞, F4, 携带兽人地图(尼米亚中部)& 队伍平均等级≥8 触发一次性战斗+新剧情
克伦切的硬木假牙, 克伦切的兽人洞, F4, 携带兽人地图(尼米亚中部)& 队伍平均等级≥8 触发一次性战斗+新剧情
克伦切的防护护身符, 克伦切的兽人洞, F4, 携带兽人地图(尼米亚中部)& 队伍平均等级≥8 触发一次性战斗+新剧情
普通武器防护油, 兵工厂内的幽灵, F3, （队伍人数≥6，队伍传奇等级≥100)
木制比赛用双手剑, 兵工厂内的幽灵, F4, 
一袋神奇的粉末, 兵工厂内的幽灵, F5, 
小音乐盒, 兵工厂内的幽灵, F5, 
来自默瑞莉雅的讯息, 兵工厂内的幽灵, F5, 
衰退沙漏, 兵工厂内的幽灵, F5, 
泽瑞希尔的战斗学院指导手册, 泽瑞希尔的战斗学院, F1, (第一次进入该地城)
易用之军刀, 泽瑞希尔的战斗学院, F1, 
易用之前膛枪, 泽瑞希尔的战斗学院, F1, 
易用之匕首, 泽瑞希尔的战斗学院, F1, 
易用之圆盾, 泽瑞希尔的战斗学院, F1, 
易用之坚固手杖, 泽瑞希尔的战斗学院, F1, 
易用之复合式弹弓, 泽瑞希尔的战斗学院, F1, 
易用之手斧, 泽瑞希尔的战斗学院, F1, 
易用之法安锤, 泽瑞希尔的战斗学院, F1, 
易用之短剑, 泽瑞希尔的战斗学院, F1, 
易用之短弓, 泽瑞希尔的战斗学院, F1, 
易用之长剑, 泽瑞希尔的战斗学院, F1, 
易用之长矛, 泽瑞希尔的战斗学院, F1, 
落满灰尘的手札, 泽瑞希尔的战斗学院, F1, 
魔像碎片, 泽瑞希尔的战斗学院, F1, 
落满灰尘的手札, 泽瑞希尔的战斗学院, F2, 
红色晶体碎片, 泽瑞希尔的战斗学院, F3, （队伍传奇等级≥120 or 携带落满灰尘的手札的团队不会获得
蓝色晶体碎片, 泽瑞希尔的战斗学院, F3, （队伍传奇等级≥120 or 携带落满灰尘的手札的团队不会获得
落满灰尘的手札, 泽瑞希尔的战斗学院, F3, 
巴尔托斯之泪, 泽瑞希尔的战斗学院, F4, 携带落满灰尘的手札& 队伍传奇等级≥120 追加本层
巴尔托斯勋章, 泽瑞希尔的战斗学院, F4, 携带落满灰尘的手札& 队伍传奇等级≥120 追加本层,(人手一个)
黑色点心盒, 泽瑞希尔的战斗学院, F5, 携带落满灰尘的手札& 队伍传奇等级≥120 & 每日8:30-9:30(德国时间) 触发隐藏战斗
大蒜面包, 泽瑞希尔的战斗学院, F5, 携带落满灰尘的手札& 队伍传奇等级≥120 & 每日8:30-9:30(德国时间) 触发隐藏战斗
大袋食物, 泽瑞希尔的战斗学院, F5, 携带落满灰尘的手札& 队伍传奇等级≥120 & 每日8:30-9:30(德国时间) 触发隐藏战斗
巧克力块, 泽瑞希尔的战斗学院, F5, 携带落满灰尘的手札& 队伍传奇等级≥120 & 每日8:30-9:30(德国时间) 触发隐藏战斗
巨大的棒棒糖, 泽瑞希尔的战斗学院, F5, 携带落满灰尘的手札& 队伍传奇等级≥120 & 每日8:30-9:30(德国时间) 触发隐藏战斗
格雷泰的馅饼, 泽瑞希尔的战斗学院, F5, 携带落满灰尘的手札& 队伍传奇等级≥120 & 每日8:30-9:30(德国时间) 触发隐藏战斗
火腿三明治, 泽瑞希尔的战斗学院, F5, 携带落满灰尘的手札& 队伍传奇等级≥120 & 每日8:30-9:30(德国时间) 触发隐藏战斗
绿色碎布片, 泽瑞希尔的战斗学院, F6, 
落满灰尘的手札, 泽瑞希尔的战斗学院, F6, 
泽瑞希尔战斗学院的毕业奖章, 泽瑞希尔的战斗学院, F8, （必定掉落
落满灰尘的手札, 泽瑞希尔的战斗学院, F8, 
带柔软耳罩的熊皮帽, 戒指, F1, 
卡哈拉蚂蚱串, 戒指, F3, 
红色兽人盔, 戒指, F5, 
被皮带吊着的死鼹鼠, 戒指, F5, 
一块结婚蛋糕, 戒指, F6, (人手一个)
镀金玫瑰, 戒指, F6, (队伍中携带吟游诗人 or 祭司 or 圣武士)
三条腿的挤奶垫子, 先人的骸骨, F3, 
查班夫家族的印章戒, 先人的骸骨, F3, 
查班夫步枪, 先人的骸骨, F3, 
见习祭祀长袍, 先人的骸骨, F4, 
魔力骨戒, 先人的骸骨, F4, 
黑暗祭礼之戒, 先人的骸骨, F4, 
次级死灵师法袍, 先人的骸骨, F4, 
五彩缤纷的造型气球, 渡鸦堡的集市, F1, (生活：讲故事>5 or技艺：变戏法>3)
冠军奖牌, 渡鸦堡的集市, F1, 
塔博-塔博巫师木偶, 渡鸦堡的集市, F2, 
哥莲娜的传单, 渡鸦堡的集市, F3, 
木马, 渡鸦堡的集市, F3, 
装有五彩纸屑的桶, 渡鸦堡的集市, F3, 
仿珍珠耳环, 渡鸦堡的集市, F4, 
假吸血鬼牙齿, 渡鸦堡的集市, F4, 
假疣, 渡鸦堡的集市, F4, 
击剑者头罩, 渡鸦堡的集市, F4, 
怪声纸, 渡鸦堡的集市, F4, 
插满星星装饰的锤子, 渡鸦堡的集市, F4, 
笑话集, 渡鸦堡的集市, F4, 
舞会面具, 渡鸦堡的集市, F4, 
鬼怪服装, 渡鸦堡的集市, F4, 
黑色女巫披风, 渡鸦堡的集市, F4, 
女巫的大锅, 渡鸦堡的集市, F4, 
女巫的小靴子, 渡鸦堡的集市, F4, 
老女巫扫帚柄, 渡鸦堡的集市, F4, 
巨大的棒棒糖, 渡鸦堡的集市, F4, 
南瓜汁, 渡鸦堡的集市, F4, 
南瓜汤, 渡鸦堡的集市, F4, 
南瓜灯, 渡鸦堡的集市, F4, 
樱桃汁, 渡鸦堡的集市, F4, 
葵蜜饯, 渡鸦堡的集市, F4, 
褐绿色的燕麦片, 渡鸦堡的集市, F4, 
狼皮, 狩猎狼群, F1, 
伊洛因·晨露的短弓, 狩猎狼群, F2, 
法安轻盾, 狩猎狼群, F4, 
洞穴狼之皮, 狩猎狼群, F4, 
狼人皮, 狩猎狼群, F4, 
狼人皮大衣, 狩猎狼群, F4, 
菲瑞玛的嗜血手弩, 狩猎狼群, F4, ( +绿色皮革包裹的弩[X] )
菲瑞玛的猎马, 狩猎狼群, F4, 
赫伯图斯医生的滋补剂, 法师与怪物, F2, (+盛着叮叮当当的硬币的皮质小包[X], 周二 or 周三)
绿色皮革包裹的弩, 法师与怪物, F3, 
普通皮革套鞋, 法师与怪物, F6, 
叶尼·阿里·斑念之卷, 法师与怪物, F7, 
哈戎的火焰卷轴, 法师与怪物, F7, 
暗红色法袍, 法师与怪物, F7, 
火焰纹章, 法师与怪物, F7, 
火焰绸缎碎片, 法师与怪物, F7, 
镶嵌小红宝石的象牙戒指, 法师与怪物, F7, 
镶嵌小红宝石的象牙王冠, 法师与怪物, F7, 
镶嵌小红宝石的象牙珠宝腰带, 法师与怪物, F7, 
镶嵌小红宝石的象牙耳环, 法师与怪物, F7, 
镶嵌小红宝石的象牙臂章, 法师与怪物, F7, 
镶嵌小红宝石的象牙项链, 法师与怪物, F7, 
黑袍法师哈戎的火焰护身符, 法师与怪物, F7, 
带有力量之语的古老卷轴, 法师与怪物, F7, 
地精王的马靴, 竖琴, F4, 
地精精英之棍, 竖琴, F4, 
平笛, 竖琴, F4, 
热血丝巾, 竖琴, F4, 
精灵弓箭手之戒, 竖琴, F4, 
空心的竖琴, 竖琴, F5, 携带 (眼镜,粗框眼镜,阅读用眼镜,单片眼镜,金边单片镜)其中之一, 触发新剧情, 无战斗,不可重复
暗精灵吟游诗人的便条, 竖琴, F5, 携带 (眼镜,粗框眼镜,阅读用眼镜,单片眼镜,金边单片镜)其中之一, 触发新剧情, 无战斗,不可重复
黑熊皮靴, 献祭, F3, 
《我们的英勇事迹》, 献祭, F5, 
普通闪光骨杖, 献祭, F5, 
伊洛因·晨露的重短弓, 献祭, F6, 
克瑞努斯的暗影斗篷, 献祭, F6, 
暗影护符, 献祭, F6, 
关于''空白之眼''的涂鸦, 献祭, F6, (通关地城"黑石头")
有裂纹的黄色宝石, 献祭, F6, (通关地城"黑石头")
松枝, 山脉中的古老高塔, F2, （队伍人数＞4，12月3日 0:00 开始 -三周后结束）
光之次级回复护身符, 山脉中的古老高塔, F4, 
小帮手, 山脉中的古老高塔, F5, 
小银元宝, 山脉中的古老高塔, F5, 
石像鬼鼻环, 山脉中的古老高塔, F5, 
迅风长靴, 山脉中的古老高塔, F5, 
炼金术士的帐簿, 山脉中的古老高塔, F5, (+视觉器械)
尼古拉斯之手, 德雷索尼亚的阴影, F4, 
跳舞的阴影, 德雷索尼亚的阴影, F4, 
伊洛因·晨露的神圣短弓, 德雷索尼亚的阴影, F5, 
德雷索妮亚的沦陷之歌, 德雷索尼亚的阴影, F5, 
神圣迷你祭坛, 德雷索尼亚的阴影, F5, 
鹰身人的羽毛, 觉醒, F3, 
古刃碎片, 觉醒, F5, 
黑曜石, 觉醒, F5, 
褪色的旧戒指, 觉醒, F5, 
怪异的紫色小水晶, 觉醒, F5, 
巨魔煮锅, 巨魔难题, F4, 
巨魔棍棒, 巨魔难题, F4, 
巨魔的树枝, 巨魔难题, F4, 
巨魔的牙签, 巨魔难题, F4, 
绵羊皮披风, 巨魔难题, F4, 
小绵羊, 巨魔难题, F4, 
大煮锅, 巨魔难题, F4, 
一块骨头, 巨魔难题, F4, 
山体结晶的青铜额饰, 沼泽幼龙的狩猎之旅, F1, 
岩石王冠, 沼泽幼龙的狩猎之旅, F1, 
无穷创造力之盒, 沼泽幼龙的狩猎之旅, F1, 
永恒恢复戒指, 沼泽幼龙的狩猎之旅, F1, 
沼泽龙蜥的毒牙, 沼泽幼龙的狩猎之旅, F1, 
沼泽龙蜥皮背心, 沼泽幼龙的狩猎之旅, F1, 
沾满剧毒的毒爪, 沼泽幼龙的狩猎之旅, F1, 
精准轻杆投石索, 沼泽幼龙的狩猎之旅, F1, 
观察力链甲护额, 沼泽幼龙的狩猎之旅, F1, 
沼泽龙蜥的角, 沼泽幼龙的狩猎之旅, F1, 队伍传奇等级＞1
沼泽龙蜥蛋, 沼泽幼龙的狩猎之旅, F1, 队伍传奇等级＞1
金块, 塔博塔博的亡灵巫师, F1, 
一袋骨箭, 塔博塔博的亡灵巫师, F2, 
头骨, 塔博塔博的亡灵巫师, F2, 
不洁的头颅, 塔博塔博的亡灵巫师, F5, 
剑舞者人偶, 塔博塔博的亡灵巫师, F5, 
圣殿骑士铭牌, 塔博塔博的亡灵巫师, F5, 
奇怪的炼金骨架, 塔博塔博的亡灵巫师, F5, 
塔博塔博的长袍, 塔博塔博的亡灵巫师, F5, 
塔博塔博的护身符, 塔博塔博的亡灵巫师, F5, 
御座项链, 塔博塔博的亡灵巫师, F5, 
纸制扩音器, 艰辛的面试或是第十三个勇士, F1, 
一坩埚浓缩甜根, 艰辛的面试或是第十三个勇士, F2, 
一袋卡哈拉德蝗虫烤肉, 艰辛的面试或是第十三个勇士, F4, 
铁平底锅, 艰辛的面试或是第十三个勇士, F4, 
伊洛因·晨露的长弓, 艰辛的面试或是第十三个勇士, F5, 
慈悲之戒, 艰辛的面试或是第十三个勇士, F5, 
泰嘉夫的幸运匕首, 艰辛的面试或是第十三个勇士, F5, 
神力领导者, 艰辛的面试或是第十三个勇士, F5, 
被魔法修改的招聘告示, 艰辛的面试或是第十三个勇士, F5, (队伍中携带法师)
亡灵学徒手套, 盗墓贼, F7, 
小型魔法火炉, 盗墓贼, F7, 
镂空骨戒, 盗墓贼, F7, 
魔法师围裙, 盗墓贼, F7, 
魔法扫把, 盗墓贼, F7, 
黑色尖顶帽, 盗墓贼, F7, 
黑色高领披风, 盗墓贼, F7, 
阴影法袍, 盗墓贼, F7, 
女巫扫把, 瑞俄伯的女巫, F4, 
黑色女巫披风, 瑞俄伯的女巫, F4, 
致亡灵法师塔博塔博的情书, 瑞俄伯的女巫, F4, 
生命之石, 瑞俄伯的女巫, F4, 
海盗头巾, 瑞俄伯的女巫, F4, 
欧姆之戒, 瑞俄伯的女巫, F4, 
破旧的涂鸦册, 瑞俄伯的女巫, F4, 
守护者披风, 黑石头, F2, 
伊哥护身符, 黑石头, F6, 
伊哥的重狼牙棒, 黑石头, F6, 
伊哥的皮制束腰外衣, 黑石头, F6, 
马根哥尔德的戒指, 黑石头, F6, 
克伯特护身符, 在无人山谷中的制造厂, F1, 
老邮递号角, 在无人山谷中的制造厂, F2, 
墨菲斯托的完全治疗指南, 在无人山谷中的制造厂, F3, 
墨菲斯托的恒久治疗药瓶, 在无人山谷中的制造厂, F3, 
能量之石, 在无人山谷中的制造厂, F4, 
阿尔布雷希特的披风, 在无人山谷中的制造厂, F4, 
《暴怒的葡萄》, 在无人山谷中的制造厂, F4, 
皮克精木偶, 跳舞木偶夜总会, F2, (+哥莲娜的传单)
彩色杂耍球, 跳舞木偶夜总会, F3, 
镜刃, 跳舞木偶夜总会, F3, 
跳舞木偶, 跳舞木偶夜总会, F3, 
角斗士拳套, 跳舞木偶夜总会, F3, 
教鞭, 跳舞木偶夜总会, F3, 
哥莲娜的命运手镯, 跳舞木偶夜总会, F4, 
哥莲娜的命运披风, 跳舞木偶夜总会, F4, 
老鼠腿骨, 受诅咒的遗迹, F1, 
幽灵之低语, 受诅咒的遗迹, F3, 
伊洛因·晨露的轻岑木弓, 受诅咒的遗迹, F4, 
决斗用手套, 受诅咒的遗迹, F5, 
吸血鬼之牙, 受诅咒的遗迹, F5, 
装着吸血鬼灰烬的绸袋子, 受诅咒的遗迹, F5, 
雄鹰纹章, 受诅咒的遗迹, F5, 
墨绿色的折扇, 受诅咒的遗迹, F5, 
幽灵之泪, 受诅咒的遗迹, F5, ( +装着吸血鬼灰烬的绸袋子)
座狼之牙项链, 老旧矿井, F1, 
灵巧的轻兽人弓, 老旧矿井, F3, 
郭卡的疯狂之斧, 老旧矿井, F3, 
郭卡的铁盾, 老旧矿井, F3, 
郭卡的靴子, 老旧矿井, F3, 
鎏芳耳环, 老旧矿井, F3, 
梅达克的观察之眼, 老旧矿井, F3, 
阴险地精法宝, 老旧矿井, F3, 
改良的强壮护符, 老旧矿井, F3, 携带兽人地图(尼米亚中部)& 队伍平均等级≥10 触发一次性战斗+新剧情
郭卡的强袭护腕, 老旧矿井, F3, 携带兽人地图(尼米亚中部)& 队伍平均等级≥10 触发一次性战斗+新剧情
郭卡的愤怒, 老旧矿井, F3, 携带兽人地图(尼米亚中部)& 队伍平均等级≥10 触发一次性战斗+新剧情
郭卡的督军靴, 老旧矿井, F3, 携带兽人地图(尼米亚中部)& 队伍平均等级≥10 触发一次性战斗+新剧情
洞穴狼之皮, 伍登格罗谜案, F1, 
狼皮, 伍登格罗谜案, F1, 
活蕨网, 伍登格罗谜案, F2, 
活蕨网, 伍登格罗谜案, F3, 
夏坦之刃, 伍登格罗谜案, F5, 
夏语, 伍登格罗谜案, F5, 
灰色月长石, 伍登格罗谜案, F5, 
常夏突刺卷轴, 伍登格罗谜案, F5, 
葛隆克的利爪手套, 伍登格罗谜案, F5, 
黄金衬里的音符, 伍登格罗谜案, F5, 
爷爷的三秘诀, 伍登格罗谜案, F5, 
宝石红色镶嵌宝石, 伍登格罗谜案, F5, 携带空心的竖琴& 队伍平均等级≥12 触发一次性战斗+新剧情
浅绿色镶嵌宝石, 伍登格罗谜案, F5, 携带空心的竖琴& 队伍平均等级≥12 触发一次性战斗+新剧情
米色镶嵌宝石, 伍登格罗谜案, F5, 携带空心的竖琴& 队伍平均等级≥12 触发一次性战斗+新剧情
紫色镶嵌宝石, 伍登格罗谜案, F5, 携带空心的竖琴& 队伍平均等级≥12 触发一次性战斗+新剧情
红色镶嵌宝石, 伍登格罗谜案, F5, 携带空心的竖琴& 队伍平均等级≥12 触发一次性战斗+新剧情
蓝色镶嵌宝石, 伍登格罗谜案, F5, 携带空心的竖琴& 队伍平均等级≥12 触发一次性战斗+新剧情
黄色镶嵌宝石, 伍登格罗谜案, F5, 携带空心的竖琴& 队伍平均等级≥12 触发一次性战斗+新剧情
黛绿色镶嵌宝石, 伍登格罗谜案, F5, 携带空心的竖琴& 队伍平均等级≥12 触发一次性战斗+新剧情
葛隆克的铍制矛形剑, 伍登格罗谜案, F5, 携带空心的竖琴& 队伍平均等级≥12 触发一次性战斗+新剧情
一套小木杯, 通往故乡的漫长旅程, F1, 
冬末, 通往故乡的漫长旅程, F1, 
奴隶贩子的网, 通往故乡的漫长旅程, F1, 
奴隶猎人, 通往故乡的漫长旅程, F1, 
吸血鬼披风, 通往故乡的漫长旅程, F2, 
石化血滴, 通往故乡的漫长旅程, F2, 
《食人魔和其它巨人》, 通往故乡的漫长旅程, F3, 
守夜人的纹章, 通往故乡的漫长旅程, F3, 
灰熊皮毛, 通往故乡的漫长旅程, F3, 
一块美洲豹皮, 通往故乡的漫长旅程, F4, 
蔷薇色的眼镜, 通往故乡的漫长旅程, F6, 携带默瑞莉雅的小包&星期日触发剧情 无战斗 不可重复
巴瑟瑞的小型户外指南, 捉迷藏, F2, 
日月双刃剑, 捉迷藏, F4, 
丹巴林的魔法哨子, 捉迷藏, F6, (技巧：解除陷阱＞4)
安全之靴, 捉迷藏, F6, 
戏法披风, 捉迷藏, F6, 
隐形披风, 捉迷藏, F6, 
盗贼大师的撬锁工具, 捉迷藏, F6, 
盗贼纹章, 捉迷藏, F6, 
贼王的幸运符, 捉迷藏, F6, 
红色小丑鼻子, 捉迷藏, F6, 
褐色的粉尘, 捉迷藏, F6, 
赫沃克的烈焰面具, 捉迷藏, F6, 
阿让尼克斯的活力手镯, 捉迷藏, F6, 
从母株切下的枝条, 齐鲁玛邪教的秘密, F2, 
信徒的吹管, 齐鲁玛邪教的秘密, F3, 
尼斯拉的萨满腰布, 齐鲁玛邪教的秘密, F3, 
神殿墙壁的碎片, 齐鲁玛邪教的秘密, F5, 
黄色的塞玛克什地图, 齐鲁玛邪教的秘密, F5, 
碳烬, 齐鲁玛邪教的秘密, F5, 
斯库拉的存储披风, 齐鲁玛邪教的秘密, F6, 
斯库拉的血眼, 齐鲁玛邪教的秘密, F6, 
斯库拉的毛皮手套, 齐鲁玛邪教的秘密, F6, 
入魔宝石项链, 齐鲁玛邪教的秘密, F6, 
鬣狗之肤, 齐鲁玛邪教的秘密, F6, 
蟒蛇石雕像, 齐鲁玛邪教的秘密, F6, 
西克拉斯的短剑, 齐鲁玛邪教的秘密, F6, 
黑色蛇纹玉, 齐鲁玛邪教的秘密, F6, (+火把&铲子)
齐鲁玛勋章, 齐鲁玛邪教的秘密, F7, 携带火把&铲子触发本层
失落遗迹圣杯, 齐鲁玛邪教的秘密, F7, 携带火把&铲子触发本层
变异萨满的皮衣, 马戏团失踪的孩子, F4, 
萨满的骨制护身符, 马戏团失踪的孩子, F4, 
冰霜纹章, 马戏团失踪的孩子, F5, 
招架匕首, 马戏团失踪的孩子, F5, 
驯狮者拳套, 马戏团失踪的孩子, F5, 
绣金线的学者披风, 马戏团失踪的孩子, F5, 
卡卿的防护卷轴, 马戏团失踪的孩子, F5, 携带有裂纹的红色宝石& 队伍平均等级≥10 触发一次性战斗+新剧情
希尔塔法的火焰羽毛笔, 马戏团失踪的孩子, F5, 携带有裂纹的红色宝石& 队伍平均等级≥10 触发一次性战斗+新剧情
诺曼莉的法术结晶, 马戏团失踪的孩子, F5, 携带有裂纹的红色宝石& 队伍平均等级≥10 触发一次性战斗+新剧情
别针法杖, 马戏团失踪的孩子, F6, 
骗术戒指, 马戏团失踪的孩子, F6, 
小丑帽, 马戏团失踪的孩子, F6, 
小丑的毛线裤, 马戏团失踪的孩子, F6, 
小丑靴, 马戏团失踪的孩子, F6, 
黑暗小丑斗篷, 马戏团失踪的孩子, F6, 
黑暗小丑面具, 马戏团失踪的孩子, F6, 
画有小丑脸谱的纸扇, 马戏团失踪的孩子, F6, 
笑话集, 马戏团失踪的孩子, F7, 
象牙骨兜, 马戏团失踪的孩子, F7, 
''欢乐''马戏团的纹章, 马戏团失踪的孩子, F8, (通关黑石头)
有裂纹的红色宝石, 马戏团失踪的孩子, F8, (通关黑石头)
一小包宝石, 诅咒农场的调查, F2, 
小钻石, 诅咒农场的调查, F2, 
钻石, 诅咒农场的调查, F2, 
巨型钻石, 诅咒农场的调查, F2, 
莱格勒斯的心脏, 诅咒农场的调查, F2, 
年轻医师腰带, 诅咒农场的调查, F3, 携带铲子触发一次性战斗+新剧情
白色学徒腰带, 诅咒农场的调查, F3, 携带铲子触发一次性战斗+新剧情
红之法术腰带, 诅咒农场的调查, F3, 携带铲子触发一次性战斗+新剧情
见习修士腰带, 诅咒农场的调查, F3, 携带铲子触发一次性战斗+新剧情
狗头人玩偶, 诅咒农场的调查, F3, 携带铲子触发一次性战斗+新剧情
狗头人铁锤, 诅咒农场的调查, F3, 携带铲子触发一次性战斗+新剧情
狗头人厨师的食谱, 诅咒农场的调查, F5, (+炼金术士的帐簿)
X光听诊器, 诅咒农场的调查, F7, 
余烬, 诅咒农场的调查, F7, 
元素戒指, 诅咒农场的调查, F7, 
剑士纹章, 诅咒农场的调查, F7, 
小型铁砧, 诅咒农场的调查, F7, 
独角兽之角, 诅咒农场的调查, F7, 
石棉长袍, 诅咒农场的调查, F7, 
粉末装饰的假发, 诅咒农场的调查, F7, 
装饰的神庙拖鞋, 阿克贝斯之泪, F1, 
被圣水浸泡过的战神之靴, 阿克贝斯之泪, F2, 
被圣水浸泡过的战神头巾, 阿克贝斯之泪, F2, 
被圣水浸泡过的战神护腿, 阿克贝斯之泪, F2, 
被圣水浸泡过的战神长袍, 阿克贝斯之泪, F2, 
圣像会神庙之无尽水瓶, 阿克贝斯之泪, F2, 
装饰的神庙拖鞋, 阿克贝斯之泪, F3, 
卡洛斯之战争权杖, 阿克贝斯之泪, F5, 
圣像会神庙之无尽水瓶, 阿克贝斯之泪, F5, 
装饰的神庙拖鞋, 阿克贝斯之泪, F5, 
圣战之旗, 阿克贝斯之泪, F6, 
圣苏拉美的小雕像, 阿克贝斯之泪, F6, 
爱奥拉的祝福, 阿克贝斯之泪, F6, 
阿克贝斯之拥, 阿克贝斯之泪, F6, 
阿克贝斯骑士团的白色披风, 阿克贝斯之泪, F6, 
审判之戟, 阿克贝斯之泪, F6, 
冰封熔岩之戒, 阿克贝斯之泪, F7, 
半身人生存守则卷一, 阿克贝斯之泪, F7, 
风吟之刃美尔卡, 阿克贝斯之泪, F7, 
线香, 复仇之夜, F2, 
草原鹰身人的爪子, 复仇之夜, F4, 
羽毛头饰, 复仇之夜, F5, 
野猪皮, 复仇之夜, F5, 
保洁湿布, 复仇之夜, F6, 
克若姆的头盔, 复仇之夜, F6, 
克若姆的高跟鞋, 复仇之夜, F6, 
克若姆的永恒锋利斧, 复仇之夜, F6, 
小土偶, 复仇之夜, F6, 
舒如坎的火焰护身符, 复仇之夜, F6, 
闪耀的抗魔护身符, 复仇之夜, F6, 
黑手纹章, 复仇之夜, F6, 
崇拜者的名片, 复仇之夜, F7, 
托拉夫唐纳克的遗产, 复仇之夜, F7, 
驯鹿角的碎片, 复仇之夜, F7, 
树龙的一部分, 霰弹枪工厂的阴谋, F1, 
树龙鳞片, 霰弹枪工厂的阴谋, F1, 
强化月长石喷铅枪, 霰弹枪工厂的阴谋, F2, 
改良瞄准镜的月长石双管手枪, 霰弹枪工厂的阴谋, F2, 
行政官德诺布的金表, 霰弹枪工厂的阴谋, F3, 
不洁护身符, 霰弹枪工厂的阴谋, F7, 
佩德洛克的魔法冠, 霰弹枪工厂的阴谋, F7, 
克诺布洛赫的纹章, 霰弹枪工厂的阴谋, F7, 
女鼠人的戒指, 霰弹枪工厂的阴谋, F7, 
持枪的鼠人木偶, 霰弹枪工厂的阴谋, F7, 
西洋象棋盘, 霰弹枪工厂的阴谋, F7, 
轻巧的手套, 霰弹枪工厂的阴谋, F7, 
支援戒指, 庄园, F2, 
一小把药草, 庄园, F3, 
烈火头巾, 庄园, F4, 
永冻冰水晶球, 庄园, F5, 
霜冻之戒, 庄园, F5, 
渔网, 庄园, F5, 
捕鱼长矛, 庄园, F5, 
贵族招架匕首, 庄园, F6, 
红黑色吸血鬼披风, 庄园, F6, 
亚当的信, 庄园, F7, 
金丝宝石腰带, 庄园, F7, 
金边单片镜, 庄园, F7, 
双焦透镜, 庄园, F7, 
神秘刺绣手套, 庄园, F7, 
白龙纹章, 庄园, F7, 
有裂纹的绿色宝石, 山中的假日, F1, (队伍人数12+通关神秘信息)
雪狼皮, 山中的假日, F1, (队伍人数12+通关神秘信息)
含肉桂的松草烟叶, 山中的假日, F2, (队伍人数≥4,12月3日,持续三星期)
酒心糖果, 山中的假日, F2, (队伍人数≥4,12月3日,持续三星期)
圣诞节礼物, 山中的假日, F2, (队伍人数≥4,12月3日,持续三星期)
圣诞小饼, 山中的假日, F2, (队伍人数≥4,12月3日,持续三星期)
雪球, 山中的假日, F2, (队伍人数≥4,12月3日,持续三星期)
赫伯图斯医生的滋补剂, 山中的假日, F3, （+盛着叮叮当当的硬币的皮质小包[X] 周四 or 周日 ）
薄冰, 山中的假日, F4, 
雪人毛发, 山中的假日, F5, 
雪人大锤, 山中的假日, F5, 
冰霜巨牙, 山中的假日, F5, 
携带雪人毛发触发挑战, 山中的假日, F5, 
挑战掉落列表, 山中的假日, F5, 
泰伯伦大叔的一罐带藤巨魔须, 山中的假日, F7, 
泰伯伦大叔的甜根罐, 山中的假日, F7, 
红花瓣（小盆）, 山中的假日, F7, 
黄灰色草药披风, 山中的假日, F7, 
驯鹿毛发, 山中的假日, F7, 
游侠腰带, 山中的假日, F7, 
野蛮人缠腰布, 山中的假日, F7, 
闪灵石项链, 山中的假日, F7, 
雪人猎手海恩达之弩, 山中的假日, F7, 
海恩达的披风, 山中的假日, F7, 
重小刀, 英雄的坟墓, F1, 
岩石侏儒之心, 英雄的坟墓, F2, 
携带阿力克的图腾触发挑战, 英雄的坟墓, F3, 
挑战掉落列表, 英雄的坟墓, F3, 
暴风军旗, 英雄的坟墓, F5, 
白椴木弩, 英雄的坟墓, F5, 
继承者纹章, 英雄的坟墓, F5, 
阿力克的神圣长矛, 英雄的坟墓, F5, 
阿力克的链甲护额, 英雄的坟墓, F5, 
阿力克的图腾, 英雄的坟墓, F5, 
圣诞小妖之鞋, 圣诞节的白雾林, F2, 
满是尖刺的藤蔓, 圣诞节的白雾林, F3, 
圣诞老人的尖顶帽, 圣诞节的白雾林, F5, 
圣诞老人的神奇背包, 圣诞节的白雾林, F5, (每人一个)
圣诞假日豪华大餐篮, 圣诞节的白雾林, F5, （圣诞火腿,圣诞火鸡,圣诞烤猪,圣诞烤鹅,圣诞面包[X] ）
圣诞火腿, 圣诞节的白雾林, F6, 队伍成员总数 ≥ 8 触发本层
圣诞火鸡, 圣诞节的白雾林, F6, 队伍成员总数 ≥ 8 触发本层
圣诞烤猪, 圣诞节的白雾林, F6, 队伍成员总数 ≥ 8 触发本层
圣诞烤鹅, 圣诞节的白雾林, F6, 队伍成员总数 ≥ 8 触发本层
圣诞雪人, 圣诞节的白雾林, F6, 队伍成员总数 ≥ 8 触发本层
圣诞雪橇, 圣诞节的白雾林, F6, 队伍成员总数 ≥ 8 触发本层
圣诞雪球, 圣诞节的白雾林, F6, 队伍成员总数 ≥ 8 触发本层
圣诞面包, 圣诞节的白雾林, F6, 队伍成员总数 ≥ 8 触发本层
圣诞节蛋糕, 圣诞节的白雾林, F6, 队伍成员总数 ≥ 8 触发本层
圣诞节特制布丁, 圣诞节的白雾林, F6, 队伍成员总数 ≥ 8 触发本层
圣诞大奖章, 圣诞节的白雾林, F6, （每人一个）
暗灰双光眼镜, 泰伦索尔的奇异物品商店, F2, 携带抄本残页(荒蛮树精)(物品携带要求人物等级≤13级) 触发一次性战斗+新剧情
盾状树皮, 泰伦索尔的奇异物品商店, F2, 携带抄本残页(荒蛮树精)(物品携带要求人物等级≤13级) 触发一次性战斗+新剧情
蛮荒毒牙, 泰伦索尔的奇异物品商店, F2, 携带抄本残页(荒蛮树精)(物品携带要求人物等级≤13级) 触发一次性战斗+新剧情
黑色树精耳环, 泰伦索尔的奇异物品商店, F2, 携带抄本残页(荒蛮树精)(物品携带要求人物等级≤13级) 触发一次性战斗+新剧情
雷光战斧, 泰伦索尔的奇异物品商店, F2, 队伍人数不少于4人 & 队伍平均等级≥38级 & 携带抄本残页(龙战士伊露)触发一次性战斗+新剧情
龙魂低语, 泰伦索尔的奇异物品商店, F2, 队伍人数不少于4人 & 队伍平均等级≥38级 & 携带抄本残页(龙战士伊露)触发一次性战斗+新剧情
龙魂同调, 泰伦索尔的奇异物品商店, F2, 队伍人数不少于4人 & 队伍平均等级≥38级 & 携带抄本残页(龙战士伊露)触发一次性战斗+新剧情
龙魂斗气, 泰伦索尔的奇异物品商店, F2, 队伍人数不少于4人 & 队伍平均等级≥38级 & 携带抄本残页(龙战士伊露)触发一次性战斗+新剧情
龙魂漫步, 泰伦索尔的奇异物品商店, F2, 队伍人数不少于4人 & 队伍平均等级≥38级 & 携带抄本残页(龙战士伊露)触发一次性战斗+新剧情
龙魂雷光, 泰伦索尔的奇异物品商店, F2, 队伍人数不少于4人 & 队伍平均等级≥38级 & 携带抄本残页(龙战士伊露)触发一次性战斗+新剧情
光熵激爆, 泰伦索尔的奇异物品商店, F2, 队伍人数不少于4人 & 队伍平均等级≥27级 & 携带抄本残页(夜影蝎尾狮)触发一次性战斗+新剧情
熵光烙印, 泰伦索尔的奇异物品商店, F2, 队伍人数不少于4人 & 队伍平均等级≥27级 & 携带抄本残页(夜影蝎尾狮)触发一次性战斗+新剧情
熵光裂痕, 泰伦索尔的奇异物品商店, F2, 队伍人数不少于4人 & 队伍平均等级≥27级 & 携带抄本残页(夜影蝎尾狮)触发一次性战斗+新剧情
熵光领域, 泰伦索尔的奇异物品商店, F2, 队伍人数不少于4人 & 队伍平均等级≥27级 & 携带抄本残页(夜影蝎尾狮)触发一次性战斗+新剧情
哈斯图尔的领域, 泰伦索尔的奇异物品商店, F2, 队伍人数不少于4人 & 队伍平均等级≥27级 & 携带抄本残页(夜影蝎尾狮)触发一次性战斗+新剧情
巫刺, 泰伦索尔的奇异物品商店, F2, 队伍人数不少于4人 & 队伍平均等级≥27级 & 携带抄本残页(夜影蝎尾狮)触发一次性战斗+新剧情
狮王肩甲, 泰伦索尔的奇异物品商店, F2, 队伍人数不少于4人 & 队伍平均等级≥27级 & 携带抄本残页(夜影蝎尾狮)触发一次性战斗+新剧情
致命元素, 泰伦索尔的奇异物品商店, F2, 队伍人数不少于4人 & 队伍平均等级≥27级 & 携带抄本残页(夜影蝎尾狮)触发一次性战斗+新剧情
鞭剑·蝎尾, 泰伦索尔的奇异物品商店, F2, 队伍人数不少于4人 & 队伍平均等级≥27级 & 携带抄本残页(夜影蝎尾狮)触发一次性战斗+新剧情
“斯卡兰提” & “帕蓝提卡”, 泰伦索尔的奇异物品商店, F2, 队伍人数不少于4人 & 队伍平均等级≥38级 & 携带抄本残页(挖掘者)触发一次性战斗+新剧情
挖掘者战锤, 泰伦索尔的奇异物品商店, F2, 队伍人数不少于4人 & 队伍平均等级≥38级 & 携带抄本残页(挖掘者)触发一次性战斗+新剧情
日轮, 泰伦索尔的奇异物品商店, F2, 队伍人数不少于4人 & 队伍平均等级≥38级 & 携带抄本残页(挖掘者)触发一次性战斗+新剧情
暗红色结晶, 泰伦索尔的奇异物品商店, F2, 队伍人数不少于4人 & 队伍平均等级≥38级 & 携带抄本残页(挖掘者)触发一次性战斗+新剧情
暴风之声, 泰伦索尔的奇异物品商店, F2, 队伍人数不少于4人 & 队伍平均等级≥38级 & 携带抄本残页(挖掘者)触发一次性战斗+新剧情
权利纹章, 泰伦索尔的奇异物品商店, F2, 队伍人数不少于4人 & 队伍平均等级≥38级 & 携带抄本残页(挖掘者)触发一次性战斗+新剧情
染血纹章, 泰伦索尔的奇异物品商店, F2, 队伍人数不少于4人 & 队伍平均等级≥38级 & 携带抄本残页(挖掘者)触发一次性战斗+新剧情
永恒之夜, 泰伦索尔的奇异物品商店, F2, 队伍人数不少于4人 & 队伍平均等级≥38级 & 携带抄本残页(挖掘者)触发一次性战斗+新剧情
萨玛伊的终结之杖, 泰伦索尔的奇异物品商店, F2, 队伍人数不少于4人 & 队伍平均等级≥38级 & 携带抄本残页(挖掘者)触发一次性战斗+新剧情
雷霆之怒，罗兰德的意志之剑, 泰伦索尔的奇异物品商店, F2, 队伍人数不少于4人 & 队伍平均等级≥38级 & 携带抄本残页(挖掘者)触发一次性战斗+新剧情
马努斯大剑, 泰伦索尔的奇异物品商店, F2, 队伍人数不少于4人 & 队伍平均等级≥38级 & 携带抄本残页(挖掘者)触发一次性战斗+新剧情
伞剑客的谨言之行, 泰伦索尔的奇异物品商店, F2, 队伍人数不少于4人 & 队伍平均等级≥38级 & 携带抄本残页(挖掘者)触发一次性战斗+新剧情
伞剑客的明朗之行, 泰伦索尔的奇异物品商店, F2, 队伍人数不少于4人 & 队伍平均等级≥38级 & 携带抄本残页(挖掘者)触发一次性战斗+新剧情
对影, 泰伦索尔的奇异物品商店, F2, 队伍人数不少于4人 & 队伍平均等级≥38级 & 携带抄本残页(挖掘者)触发一次性战斗+新剧情
雾雨, 泰伦索尔的奇异物品商店, F2, 队伍人数不少于4人 & 队伍平均等级≥38级 & 携带抄本残页(挖掘者)触发一次性战斗+新剧情
伞剑客的刺探之行, 泰伦索尔的奇异物品商店, F2, 队伍人数不少于4人 & 队伍平均等级≥38级 & 携带抄本残页(挖掘者)触发一次性战斗+新剧情
伞剑客的迅捷之行, 泰伦索尔的奇异物品商店, F2, 队伍人数不少于4人 & 队伍平均等级≥38级 & 携带抄本残页(挖掘者)触发一次性战斗+新剧情
仿圣盾，天佑之墙, 泰伦索尔的奇异物品商店, F2, 队伍人数不少于4人 & 队伍平均等级≥38级 & 携带抄本残页(雷云中的未知生物)触发一次性战斗+新剧情
内芙妮的净慧之冠, 泰伦索尔的奇异物品商店, F2, 队伍人数不少于4人 & 队伍平均等级≥38级 & 携带抄本残页(雷云中的未知生物)触发一次性战斗+新剧情
内芙妮的星河之翼, 泰伦索尔的奇异物品商店, F2, 队伍人数不少于4人 & 队伍平均等级≥38级 & 携带抄本残页(雷云中的未知生物)触发一次性战斗+新剧情
内芙妮的晨辉护手, 泰伦索尔的奇异物品商店, F2, 队伍人数不少于4人 & 队伍平均等级≥38级 & 携带抄本残页(雷云中的未知生物)触发一次性战斗+新剧情
内芙妮的穹光神甲, 泰伦索尔的奇异物品商店, F2, 队伍人数不少于4人 & 队伍平均等级≥38级 & 携带抄本残页(雷云中的未知生物)触发一次性战斗+新剧情
内芙妮的龙舞之靴, 泰伦索尔的奇异物品商店, F2, 队伍人数不少于4人 & 队伍平均等级≥38级 & 携带抄本残页(雷云中的未知生物)触发一次性战斗+新剧情
死亡纹章, 泰伦索尔的奇异物品商店, F2, 队伍人数不少于4人 & 队伍平均等级≥38级 & 携带抄本残页(雷云中的未知生物)触发一次性战斗+新剧情
胜利之枪, 泰伦索尔的奇异物品商店, F2, 队伍人数不少于4人 & 队伍平均等级≥38级 & 携带抄本残页(雷云中的未知生物)触发一次性战斗+新剧情
致命纹章, 泰伦索尔的奇异物品商店, F2, 队伍人数不少于4人 & 队伍平均等级≥38级 & 携带抄本残页(雷云中的未知生物)触发一次性战斗+新剧情
远古雷神之剑, 泰伦索尔的奇异物品商店, F2, 队伍人数不少于4人 & 队伍平均等级≥38级 & 携带抄本残页(雷云中的未知生物)触发一次性战斗+新剧情
远古雷神之力, 泰伦索尔的奇异物品商店, F2, 队伍人数不少于4人 & 队伍平均等级≥38级 & 携带抄本残页(雷云中的未知生物)触发一次性战斗+新剧情
远古雷神之戒, 泰伦索尔的奇异物品商店, F2, 队伍人数不少于4人 & 队伍平均等级≥38级 & 携带抄本残页(雷云中的未知生物)触发一次性战斗+新剧情
远古雷神之靴, 泰伦索尔的奇异物品商店, F2, 队伍人数不少于4人 & 队伍平均等级≥38级 & 携带抄本残页(雷云中的未知生物)触发一次性战斗+新剧情
远古雷神意志, 泰伦索尔的奇异物品商店, F2, 队伍人数不少于4人 & 队伍平均等级≥38级 & 携带抄本残页(雷云中的未知生物)触发一次性战斗+新剧情
远古雷神领域, 泰伦索尔的奇异物品商店, F2, 队伍人数不少于4人 & 队伍平均等级≥38级 & 携带抄本残页(雷云中的未知生物)触发一次性战斗+新剧情
伟大地精之戒, 泰伦索尔的奇异物品商店, F2, 队伍人数不少于4人 & 队伍平均等级≥38级 & 携带抄本残页(传说中的三战士)触发一次性战斗+新剧情
修纳特的加护, 泰伦索尔的奇异物品商店, F2, 队伍人数不少于4人 & 队伍平均等级≥38级 & 携带抄本残页(传说中的三战士)触发一次性战斗+新剧情
修纳特的挑衅, 泰伦索尔的奇异物品商店, F2, 队伍人数不少于4人 & 队伍平均等级≥38级 & 携带抄本残页(传说中的三战士)触发一次性战斗+新剧情
修纳特的死牙, 泰伦索尔的奇异物品商店, F2, 队伍人数不少于4人 & 队伍平均等级≥38级 & 携带抄本残页(传说中的三战士)触发一次性战斗+新剧情
修纳特的猛击, 泰伦索尔的奇异物品商店, F2, 队伍人数不少于4人 & 队伍平均等级≥38级 & 携带抄本残页(传说中的三战士)触发一次性战斗+新剧情
修纳特的魔枪, 泰伦索尔的奇异物品商店, F2, 队伍人数不少于4人 & 队伍平均等级≥38级 & 携带抄本残页(传说中的三战士)触发一次性战斗+新剧情
修纳特的魔药, 泰伦索尔的奇异物品商店, F2, 队伍人数不少于4人 & 队伍平均等级≥38级 & 携带抄本残页(传说中的三战士)触发一次性战斗+新剧情
塔提雅莎的征服, 泰伦索尔的奇异物品商店, F2, 队伍人数不少于4人 & 队伍平均等级≥38级 & 携带抄本残页(传说中的三战士)触发一次性战斗+新剧情
塔提雅莎的战争, 泰伦索尔的奇异物品商店, F2, 队伍人数不少于4人 & 队伍平均等级≥38级 & 携带抄本残页(传说中的三战士)触发一次性战斗+新剧情
塔提雅莎的瘟疫, 泰伦索尔的奇异物品商店, F2, 队伍人数不少于4人 & 队伍平均等级≥38级 & 携带抄本残页(传说中的三战士)触发一次性战斗+新剧情
塔提雅莎的苦难, 泰伦索尔的奇异物品商店, F2, 队伍人数不少于4人 & 队伍平均等级≥38级 & 携带抄本残页(传说中的三战士)触发一次性战斗+新剧情
塔提雅莎的饥荒, 泰伦索尔的奇异物品商店, F2, 队伍人数不少于4人 & 队伍平均等级≥38级 & 携带抄本残页(传说中的三战士)触发一次性战斗+新剧情
弑神者的投石索, 泰伦索尔的奇异物品商店, F2, 队伍人数不少于4人 & 队伍平均等级≥38级 & 携带抄本残页(传说中的三战士)触发一次性战斗+新剧情
无铭长弓, 泰伦索尔的奇异物品商店, F2, 队伍人数不少于4人 & 队伍平均等级≥38级 & 携带抄本残页(传说中的三战士)触发一次性战斗+新剧情
猎龙长弓, 泰伦索尔的奇异物品商店, F2, 队伍人数不少于4人 & 队伍平均等级≥38级 & 携带抄本残页(传说中的三战士)触发一次性战斗+新剧情
秩序之环, 泰伦索尔的奇异物品商店, F2, 队伍人数不少于4人 & 队伍平均等级≥38级 & 携带抄本残页(传说中的三战士)触发一次性战斗+新剧情
虚空之矛, 泰伦索尔的奇异物品商店, F2, 队伍人数不少于4人 & 队伍平均等级≥38级 & 携带抄本残页(传说中的三战士)触发一次性战斗+新剧情
虚空印记, 泰伦索尔的奇异物品商店, F2, （罗西伊斯之力）
虚空射手的冥府之盔, 泰伦索尔的奇异物品商店, F2, 队伍人数不少于4人 & 队伍平均等级≥38级 & 携带抄本残页(传说中的三战士)触发一次性战斗+新剧情
虚空射手的无情追猎, 泰伦索尔的奇异物品商店, F2, 队伍人数不少于4人 & 队伍平均等级≥38级 & 携带抄本残页(传说中的三战士)触发一次性战斗+新剧情
虚空射手的无限之光, 泰伦索尔的奇异物品商店, F2, 队伍人数不少于4人 & 队伍平均等级≥38级 & 携带抄本残页(传说中的三战士)触发一次性战斗+新剧情
虚空射手的混沌风暴, 泰伦索尔的奇异物品商店, F2, 队伍人数不少于4人 & 队伍平均等级≥38级 & 携带抄本残页(传说中的三战士)触发一次性战斗+新剧情
虚空射手的空无之门, 泰伦索尔的奇异物品商店, F2, 队伍人数不少于4人 & 队伍平均等级≥38级 & 携带抄本残页(传说中的三战士)触发一次性战斗+新剧情
虚空枪骑士头盔, 泰伦索尔的奇异物品商店, F2, 队伍人数不少于4人 & 队伍平均等级≥38级 & 携带抄本残页(传说中的三战士)触发一次性战斗+新剧情
虚空枪骑士护手, 泰伦索尔的奇异物品商店, F2, 队伍人数不少于4人 & 队伍平均等级≥38级 & 携带抄本残页(传说中的三战士)触发一次性战斗+新剧情
虚空枪骑士护腿, 泰伦索尔的奇异物品商店, F2, 队伍人数不少于4人 & 队伍平均等级≥38级 & 携带抄本残页(传说中的三战士)触发一次性战斗+新剧情
虚空枪骑士披风, 泰伦索尔的奇异物品商店, F2, 队伍人数不少于4人 & 队伍平均等级≥38级 & 携带抄本残页(传说中的三战士)触发一次性战斗+新剧情
虚空枪骑士铠甲, 泰伦索尔的奇异物品商店, F2, 队伍人数不少于4人 & 队伍平均等级≥38级 & 携带抄本残页(传说中的三战士)触发一次性战斗+新剧情
风暴战斧, 泰伦索尔的奇异物品商店, F2, 队伍人数不少于4人 & 队伍平均等级≥38级 & 携带抄本残页(传说中的三战士)触发一次性战斗+新剧情
黑豹皮毛, 米勒巴赫的袭击, F1, 
坚固的树皮头盔, 米勒巴赫的袭击, F6, 
破旧的公牛皮胫甲, 米勒巴赫的袭击, F6, 
马瑞奈克的骨杖, 米勒巴赫的袭击, F6, 
战争之摩阿克祝福兽人铠甲, 米勒巴赫的袭击, F7, 
战争之摩阿克祝福兽人长手套, 米勒巴赫的袭击, F7, 
战争之摩阿克祝福兽人靴, 米勒巴赫的袭击, F7, 
摩阿克的青铜护腕, 米勒巴赫的袭击, F7, 
特制闪电免疫手镯, 米勒巴赫的袭击, F7, 
莫卡的力量, 米勒巴赫的袭击, F7, 
莫卡的力量之戒, 米勒巴赫的袭击, F7, 
莫卡的四张羊皮纸, 米勒巴赫的袭击, F7, 
莫卡的救星, 米勒巴赫的袭击, F7, 
莫卡的铁盾, 米勒巴赫的袭击, F7, 
郭卡的技巧, 米勒巴赫的袭击, F7, 
死灵字符羊皮纸, 米勒巴赫的袭击, F7, 携带(郭卡的愤怒、郭卡的强袭护腕、郭卡的技巧、郭卡的疯狂之斧、郭卡的督军靴、郭卡的铁盾、郭卡的靴子)中至少一件 触发一次性战斗+新剧情
米勒巴赫熏火腿, 米勒巴赫的袭击, F7, 携带(郭卡的愤怒、郭卡的强袭护腕、郭卡的技巧、郭卡的疯狂之斧、郭卡的督军靴、郭卡的铁盾、郭卡的靴子)中至少一件 触发一次性战斗+新剧情
缺损的摩阿克军旗, 米勒巴赫的袭击, F7, 携带(郭卡的愤怒、郭卡的强袭护腕、郭卡的技巧、郭卡的疯狂之斧、郭卡的督军靴、郭卡的铁盾、郭卡的靴子)中至少一件 触发一次性战斗+新剧情
莫卡的憎恨, 米勒巴赫的袭击, F7, 携带(郭卡的愤怒、郭卡的强袭护腕、郭卡的技巧、郭卡的疯狂之斧、郭卡的督军靴、郭卡的铁盾、郭卡的靴子)中至少一件 触发一次性战斗+新剧情
马瑞奈克的冷杉杖, 米勒巴赫的袭击, F7, 携带(郭卡的愤怒、郭卡的强袭护腕、郭卡的技巧、郭卡的疯狂之斧、郭卡的督军靴、郭卡的铁盾、郭卡的靴子)中至少一件 触发一次性战斗+新剧情
熊爪, 矮人阶梯, F1, 
巨魔耳环, 矮人阶梯, F2, 
建筑师的铁匠锤, 矮人阶梯, F4, 
矮人铁匠锤, 矮人阶梯, F5, 
击剑大师斗篷, 矮人阶梯, F7, 
矢工匠的铁砧, 矮人阶梯, F7, 
阿侬的胸甲, 矮人阶梯, F7, 
霍瑞斯的战锤, 矮人阶梯, F7, 
寒冰戒, 矮人阶梯, F8, 
不知名的钥匙, 矮人阶梯, F9, 
光之医疗戒指, 矮人阶梯, F9, 
小型寒冰铁砧, 矮人阶梯, F9, 
小型火焰铁砧, 矮人阶梯, F9, 
小型能量铁砧, 矮人阶梯, F9, 
风暴纹章, 矮人阶梯, F9, 
绑着红线的暗器护腕, 琥珀的秘密, 第一层, 
岩石王冠, 琥珀的秘密, 第二层, 
一小包宝石, 琥珀的秘密, 第二层, 
大块石头, 琥珀的秘密, 第二层, 
石块, 琥珀的秘密, 第二层, 
石头, 琥珀的秘密, 第二层, 
岩巨人之冠, 琥珀的秘密, 第三层, 
岩巨人护手, 琥珀的秘密, 第三层, 
岩巨人护腿, 琥珀的秘密, 第三层, 
岩巨人盔甲, 琥珀的秘密, 第三层, 
岩巨人鞋子, 琥珀的秘密, 第三层, 
巨大的硫磺块, 琥珀的秘密, 第四层, 
火灵之戒, 琥珀的秘密, 第四层, 
舒如坎火焰戒, 琥珀的秘密, 第四层, 
铁匠围裙, 琥珀的秘密, 第五层, 
小型铁砧, 琥珀的秘密, 第七层, 
山之权杖, 琥珀的秘密, 第七层, 
工艺铁匠锤, 琥珀的秘密, 第七层, 
矮人铁匠锤, 琥珀的秘密, 第七层, 
符文指挥官头盔, 琥珀的秘密, 第七层, 
皇家气派, 琥珀的秘密, 第七层, 
绣有金线的纹章, 琥珀的秘密, 第七层, 
风暴之皇权十字球, 琥珀的秘密, 第七层, 
风暴日晷, 琥珀的秘密, 第七层, 
黄金裙甲, 琥珀的秘密, 第七层, 
黑色符文盔甲, 琥珀的秘密, 第七层, 
星空荣耀, 琥珀的秘密, 第七层, 
山王的符文键, 琥珀的秘密, 第七层, 
小巧补妆镜, 神秘信息, F1, 
装着贵族拳枪的纹饰腰带, 神秘信息, F1, 
感知之皮帽, 神秘信息, F2, 
辣椒喷射器, 神秘信息, F3, 
辣椒弹, 神秘信息, F3, 
亡者之戒, 神秘信息, F4, 
决斗纹章, 神秘信息, F6, 
无尽的毒弹腰带, 神秘信息, F6, 
有裂纹的绿色宝石, 神秘信息, F6, (通关黑石头)
红眼鼠人面具, 神秘信息, F6, 
马根哥尔德先生的守护雕饰, 神秘信息, F6, 
马根哥尔德的幸运符, 神秘信息, F6, 
光之次级医疗护身符, 竞技比赛的前夜, 第一层, 
刺客的冰刃, 竞技比赛的前夜, 第一层, 
大师级的决斗用手枪, 竞技比赛的前夜, 第一层, 
罗加的飞刀, 竞技比赛的前夜, 第一层, 
指挥官的羽毛头盔, 竞技比赛的前夜, 第三层, 
托嘎, 竞技比赛的前夜, 第三层, 
用橄榄枝编制的头环, 竞技比赛的前夜, 第三层, 
斥候帽, 竞技比赛的前夜, 第三层, 
斗士的红色斗篷, 竞技比赛的前夜, 第三层, 
黑天鹅绒学士帽, 竞技比赛的前夜, 第三层, 
律典保护者, 竞技比赛的前夜, 第四层, 
永恒之河, 竞技比赛的前夜, 第四层, 
银色雄鹰, 竞技比赛的前夜, 第四层, 
驯狮者拳套, 竞技比赛的前夜, 第四层, 
女士围巾, 竞技比赛的前夜, 第五层, 
弗莱格毒刃, 竞技比赛的前夜, 第五层, 
军事格斗的艺术 卷一, 竞技比赛的前夜, 第六层, 
哈戎的回复耳环, 竞技比赛的前夜, 第六层, 
哈戎的烈焰之书, 竞技比赛的前夜, 第六层, 
战用护面, 竞技比赛的前夜, 第六层, 
渡鸦堡冠军奖杯(仿制品), 竞技比赛的前夜, 第六层, 
渡鸦堡卫队制服, 竞技比赛的前夜, 第六层, 
生命护符, 竞技比赛的前夜, 第六层, 
能量腰带, 竞技比赛的前夜, 第六层, 
黑袍法师哈戎的火焰护身符, 竞技比赛的前夜, 第六层, 
渡鸦堡的街头悬赏, 竞技比赛的前夜, 第六层, 
渡鸦堡的战马, 竞技比赛的前夜, 第六层, 
来自米勒巴赫的紧急通知单, 驱逐米勒巴赫的兽人, 第一层, (击败食人魔之王后再次进入掉落。)
仪式木珠, 驱逐米勒巴赫的兽人, 第四层, 
岩石粉碎机, 驱逐米勒巴赫的兽人, 第四层, 
巨魔缠腰带, 驱逐米勒巴赫的兽人, 第四层, 
痛苦护符, 驱逐米勒巴赫的兽人, 第五层, 
金属渔网盾牌, 驱逐米勒巴赫的兽人, 第五层, 
高等兽人战士护符, 驱逐米勒巴赫的兽人, 第五层, 
兽人弓箭手腰带, 驱逐米勒巴赫的兽人, 第六层, (必定掉落)
伊洛因·晨露的桦木弓, 驱逐米勒巴赫的兽人, 第六层, 
卡罗先活力护符, 驱逐米勒巴赫的兽人, 第六层, 
哈瑞塔的反魔法飞斧, 驱逐米勒巴赫的兽人, 第六层, 
歌唱之剑, 驱逐米勒巴赫的兽人, 第六层, 
用山鹰羽毛织成的垫子, 驱逐米勒巴赫的兽人, 第六层, 
精灵战士护腕, 驱逐米勒巴赫的兽人, 第六层, 
被亵渎的纯洁锁链手套, 驱逐米勒巴赫的兽人, 第六层, 
马库拉斯的精准霰弹枪, 驱逐米勒巴赫的兽人, 第六层, 
铁狼鹰的头, 驱逐米勒巴赫的兽人, 第七层, 完成食人魔之王挑战后携带莫卡的救星和来自米勒巴赫的紧急通知单触发挑战
铜片敲成的无沿帽, 彩虹尽头, F5, 
闪电盾, 彩虹尽头, F5, 
雷云披风, 彩虹尽头, F5, 
雷电之书, 彩虹尽头, F5, 
充满能量的沙漏, 彩虹尽头, F5, (+衰退沙漏[X])
弧光镜刃, 彩虹尽头, F5, (+镜刃[X])
强化闪光骨杖, 彩虹尽头, F5, (+普通闪光骨杖[X])
红色闪电, 彩虹尽头, F5, (+红色兽人盔[X])
迅雷长靴, 彩虹尽头, F5, (+迅风长靴[X])
闪电之靴, 彩虹尽头, F5, (+闪避之靴[X])
闪电强化的地精精英之棍, 彩虹尽头, F5, (+地精精英之棍[X])
闪雷头巾, 彩虹尽头, F5, (+红眼头巾[X])
一小块彩虹, 彩虹尽头, F6, 
空洞的鸽子蛋, 彩虹尽头, F6, 
雄鹤羽毛, 彩虹尽头, F6, 
彩虹鹤羽毛, 彩虹尽头, F7, 
快步之靴, 彩虹尽头, F7, 
缚有彩虹鹤羽的部族皮带, 彩虹尽头, F7, 
鹤羽之肤, 彩虹尽头, F7, 
纯金打造的酒壶, 彩虹尽头, F8, 
纯金打造的锅, 彩虹尽头, F8, 
闪光的蛋, 彩虹尽头, F8, 
镀金的幸运草, 彩虹尽头, F8, 携带四叶幸运草[X] 不可重复
沾染悲血的苦修环, 亡灵巫师塔博塔博的回归, 第一层, 
钢铁盾, 亡灵巫师塔博塔博的回归, 第三层, 
汉密尔的寒铁标枪, 亡灵巫师塔博塔博的回归, 第五层, 
亡者面罩, 亡灵巫师塔博塔博的回归, 第六层, 
加古托的天谴之刃, 亡灵巫师塔博塔博的回归, 第七层, 
加古托的苦行腰带, 亡灵巫师塔博塔博的回归, 第七层, 
加古托的血盔, 亡灵巫师塔博塔博的回归, 第七层, 
望远眼镜, 亡灵巫师塔博塔博的回归, 第七层, 
永恒黑暗披风, 亡灵巫师塔博塔博的回归, 第七层, 
香炉, 亡灵巫师塔博塔博的回归, 第七层, 
骨铁砧, 亡灵巫师塔博塔博的回归, 第七层, 
死亡射线卷轴, 亡灵巫师塔博塔博的回归, 第七层, 
S.P.Q.R.特工的徽章(大众版), 摩-莫拉齐, F1, 
福林格斯的裹脚布, 摩-莫拉齐, F1, 
卡克斯的特工手套, 摩-莫拉齐, F1, 
卡克斯的战斗法杖, 摩-莫拉齐, F1, 
卡克斯的手镯, 摩-莫拉齐, F1, 
卡克斯的闪光护胫, 摩-莫拉齐, F1, 
侏地精巨腰带, 摩-莫拉齐, F2, 
一袋爆炸球, 摩-莫拉齐, F2, 
爆炸球腰带, 摩-莫拉齐, F2, 
致密黑火药, 摩-莫拉齐, F2, 
黑火药粉, 摩-莫拉齐, F2, 
会说话的耳针, 摩-莫拉齐, F5, 
侏儒幸运石, 摩-莫拉齐, F5, 
月长石滑翔机, 摩-莫拉齐, F5, 
武装掷锚绳, 摩-莫拉齐, F5, 
会说话的耳针, 摩-莫拉齐, F6, 
侏儒幸运石, 摩-莫拉齐, F6, 
月长石滑翔机, 摩-莫拉齐, F6, 
武装掷锚绳, 摩-莫拉齐, F6, 
侏地精弩箭盒, 摩-莫拉齐, F7, 
侏地精首领闪电杖, 摩-莫拉齐, F7, 
天堂之伤, 摩-莫拉齐, F7, 
摩. 莫拉齐的手绘平面图, 摩-莫拉齐, F7, 
迷你地精飞艇, 摩-莫拉齐, F7, 
闪击石, 摩-莫拉齐, F7, 
月光石盾, 摩-莫拉齐, F8, 
红色按钮, 摩-莫拉齐, F9, 
月长石滑翔机, 摩-莫拉齐, F10, 
木制假腿, 摩-莫拉齐, F10, 
红色按钮, 摩-莫拉齐, F10, (未触发挑战，血脉：幸运＞7 or血脉：冒险精神＞7)
Mu'darin，生命破碎之手, 保护商路, 第一层, 
Mu'darin，生命破碎之剑, 保护商路, 第一层, 
Mu'darin，生命破碎之斧, 保护商路, 第一层, 
Mu'darin，生命破碎之枪, 保护商路, 第一层, 
Mu'darin，生命破碎之弓, 保护商路, 第一层, 
Mu'darin，生命破碎之锤, 保护商路, 第一层, 
Mu'darin，生命破碎护符, 保护商路, 第一层, 
巨魔格斗拳套, 保护商路, 第二层, 
洁净外科手套, 保护商路, 第五层, 
夏坦之刃, 保护商路, 第六层, 
守护者之网, 保护商路, 第六层, 
普罗克的战戟, 保护商路, 第六层, 
暗精灵战斗披风, 保护商路, 第六层, 
次级大地之环, 保护商路, 第六层, 
海之泪, 保护商路, 第六层, 
灰色月长石, 保护商路, 第六层, 
芭蕉扇, 保护商路, 第六层, 
迅捷红宝石长剑, 保护商路, 第六层, 
那撒内的意志之戒, 保护商路, 第六层, 
黑熊之肤, 保护商路, 第六层, 
黑色月长石, 保护商路, 第六层, 
隼丘市政厅的紧急委托令, 保护商路, 第六层, (两次击败铁狼鹰后掉落)
未完全隐形的球, 紫色禁地, F1, 
神甫的信, 紫色禁地, F1, 
达摩德瑞德的驱逐之盘, 紫色禁地, F1, 
土狼头骨碎片, 紫色禁地, F2, 
红蝙蝠的翅膀, 紫色禁地, F3, 
长满青苔的臂铠, 紫色禁地, F4, 
知识女神殿的遗失物, 紫色禁地, F4, (+马根哥尔德的幸运符+马根哥尔德先生的守护雕饰& (血脉：第六感>5 or血脉：神秘学>5))
赫·阿纳克的七重菌林, 紫色禁地, F4, 
灵魂面纱, 紫色禁地, F5, 
灵魂寿衣, 紫色禁地, F5, 
克瑞努斯的嘲讽之杖, 紫色禁地, F5, 
克瑞努斯的暗影斗篷, 紫色禁地, F5, 
青铜鬼面, 紫色禁地, F5, 
变形虫胶团, 紫色禁地, F6, 
携带神甫的信触发挑战, 紫色禁地, F6, 
挑战掉落列表, 紫色禁地, F6, 
干燥的触须, 紫色禁地, F8, 
珊瑚扇, 紫色禁地, F8, 
无穷创造力之盒, 第一道门, 第六层, (必定掉落)
特里安魔力耳环, 第一道门, 第六层, (必定掉落)
闪电小妖精, 第一道门, 第七层, (+妖精的友谊，向日葵徽章)
伊欧南的强韧心智腰带, 第一道门, 第七层, 
伊洛因·晨露的重型骑射弓, 第一道门, 第七层, 
屠格若隆的石链, 第一道门, 第七层, 
涌动能量之戒, 第一道门, 第七层, 
火花, 第一道门, 第七层, 
烁光斗篷, 第一道门, 第七层, 
睿智之旗, 第一道门, 第七层, 
精神之石, 第一道门, 第七层, 
能量使者, 第一道门, 第七层, 
萨斯利的雷光匕首, 第一道门, 第七层, 
萨斯利的雷光披风, 第一道门, 第七层, 
萨斯利的雷光拳套, 第一道门, 第七层, 
重型闪电符文板甲手套, 第一道门, 第七层, 
重型闪电符文板甲护腿, 第一道门, 第七层, 
重型闪电符文板甲衫, 第一道门, 第七层, 
重型闪电符文板甲靴, 第一道门, 第七层, 
重型闪电符文链甲护额, 第一道门, 第七层, 
闪电符文链甲手套, 第一道门, 第七层, 
闪电符文链甲护腿, 第一道门, 第七层, 
闪电符文链甲护额, 第一道门, 第七层, 
闪电符文链甲衫, 第一道门, 第七层, 
闪电符文链甲靴, 第一道门, 第七层, 
格兰斯凯巴的生命之水, 第一道门, 第七层, 
生命之水(一桶), 第一道门, 第一层, 
圣诞节礼物, 第一道门, 第二层, （圣诞节特殊掉落）
先祖之灵, 第一道门, 第三层, 
仪式之鼓, 第一道门, 第三层, 
月牙杖, 第一道门, 第六层, 
卡洛斯狂热者木偶, 第一道门, 第七层, 
莫尼亚的投掷皮带, 第一道门, 第七层, 
皇家军用连枷, 第一道门, 第七层, 
圣者遗物, 第一道门, 第七层, 
格兰斯凯巴的祖传酒壶, 第一道门, 第八层, 
格兰斯凯巴特制火焰喷射器, 第一道门, 第八层, 
伊洛因·晨露的军弓, 第一道门, 第八层, 
庆祝晚宴的邀请函, 第一道门, 第八层, 
吉特迈影鸦皮头盔, 第一道门, 第八层, 
吉特迈影鸦皮甲, 第一道门, 第八层, 
吉特迈影鸦皮手套, 第一道门, 第八层, 
吉特迈影鸦皮护腿, 第一道门, 第八层, 
吉特迈影鸦皮靴, 第一道门, 第八层, 
吉特迈影鸦轻头盔, 第一道门, 第八层, 
吉特迈影鸦胸甲, 第一道门, 第八层, 
吉特迈影鸦锁链手套, 第一道门, 第八层, 
吉特迈影鸦链甲护腿, 第一道门, 第八层, 
吉特迈影鸦链甲靴, 第一道门, 第八层, 
拥有灵巧天赋的普通尼可莱特合金链甲衫, 第一道门, 第八层, 
拥有灵巧天赋的普通尼可莱特合金链甲护额, 第一道门, 第八层, 
拥有灵巧天赋的普通尼可莱特合金链甲护腿, 第一道门, 第八层, 
拥有灵巧天赋的普通尼可莱特合金链甲手套, 第一道门, 第八层, 
拥有灵巧天赋的普通尼可莱特合金链甲靴, 第一道门, 第八层, 
砾石之袋, 发狂的炼金术士, F1, 
魔法毒药（晒干）, 发狂的炼金术士, F1, 
强酸溶剂, 发狂的炼金术士, F2, 
重压皮靴, 发狂的炼金术士, F3, 
压缩皮手套, 发狂的炼金术士, F3, 
内莫瑞斯的膝盖骨, 发狂的炼金术士, F3, 
圣诞精灵杖, 发狂的炼金术士, F3, (队伍人数≥4 12月3日开始 为期三周)
被酸液包裹的碎片, 发狂的炼金术士, F4, 
炸药狂人斗篷, 发狂的炼金术士, F5, 
强酸溶剂, 发狂的炼金术士, F5, 
布鲁图斯·黑暗的抗火眼镜, 发狂的炼金术士, F6, 
布鲁图斯·黑暗的特制炼金强化药水, 发狂的炼金术士, F6, 
布鲁图斯博士的礼物, 发狂的炼金术士, F6, 
炼金术士手套, 发狂的炼金术士, F6, 
特大加农炮的碎片, 发狂的炼金术士, F6, 
笔记本：炼金术士日记, 发狂的炼金术士, F6, 
精准的手术镊子, 发狂的炼金术士, F6, 
羊皮卷的一角, 发狂的炼金术士, F6, 
药剂防护长裤, 发狂的炼金术士, F6, 
走私船队的标记, 发狂的炼金术士, F6, (+至少1件财宝类别物品 & (炼金术士的帐簿or狗头人厨师的食谱) )
雪球, 寒冰女王, F3, 
卡盖什山脉的寒冰精萃, 寒冰女王, F4, 传奇等级≥10
永冻圆盾, 寒冰女王, F4, 传奇等级≥10
雪球, 寒冰女王, F4, 传奇等级≥10
霜恸, 寒冰女王, F4, 传奇等级≥10
雪球, 寒冰女王, F5, 
寒晶石, 寒冰女王, F5, 
冰刺, 寒冰女王, F6, 
冰舞女的丝裙, 寒冰女王, F6, 
冰舞者的手镯, 寒冰女王, F6, 
白瓷面具, 寒冰女王, F6, 
苍白的伴侣, 寒冰女王, F6, 
冰川大锤, 寒冰女王, F8, (+雪人大锤[X])
冰锥发射者, 寒冰女王, F8, (+薄冰[X])
冰霜骑士, 寒冰女王, F8, (+冰霜巨牙[X])
腐锈, 寒冰女王, F8, (+冰雾[X])
寒冰小妖精, 寒冰女王, F8, (+妖精的友谊，向日葵徽章)
特殊的寒冰小妖精, 寒冰女王, F8, (+妖精的友谊，向日葵徽章)
永冻之焰, 寒冰女王, F8, (+火把[X])
冰舞女的丝裙, 寒冰女王, F8, 
冰舞者的手镯, 寒冰女王, F8, 
卡盖什山脉的寒冰精萃, 寒冰女王, F8, 
埃克戈雷姆, 寒冰女王, F8, 
寒冰之书, 寒冰女王, F8, 
寒冰女王权杖, 寒冰女王, F8, 
永冻圆盾, 寒冰女王, F8, 
永恒之冬，阿莲娜的冰川之怒, 寒冰女王, F8, 
阿莲娜的水晶舞鞋, 寒冰女王, F8, 
冰霜符文链甲手套, 寒冰女王, F8, 
冰霜符文链甲护腿, 寒冰女王, F8, 
冰霜符文链甲护额, 寒冰女王, F8, 
冰霜符文链甲衫, 寒冰女王, F8, 
冰霜符文链甲靴, 寒冰女王, F8, 
重型冰霜符文板甲手套, 寒冰女王, F8, 
重型冰霜符文板甲护腿, 寒冰女王, F8, 
重型冰霜符文板甲衫, 寒冰女王, F8, 
重型冰霜符文板甲靴, 寒冰女王, F8, 
重型冰霜符文链甲护额, 寒冰女王, F8, 
冰球破片, 寒冰女王, F9, 
水元素的记忆水晶, 寒冰女王, F9, 
冰晶石, 寒冰女王, F9, 
Lv1, 银刺, F9, 
河匪日记, 银刺, F9, 
私掠许可证, 银刺, F9, 
鹦鹉波利, 银刺, F9, 
Lv3, 银刺, F9, 
海怪之牙, 银刺, F9, 
Lv7, 银刺, F9, 
不谐的骨灰匣, 银刺, F9, 
伊利亚兹·恩·雅图尔, 银刺, F9, 
伊洛因·晨露的重型长弓, 银刺, F9, 
哈弗斯火腰带, 银刺, F9, 
布林达萨斯的蝉翼飞刀, 银刺, F9, 
布林达萨斯的骨戒, 银刺, F9, 
布林达萨斯的黑戒, 银刺, F9, 
怪物马尔德然贡, 银刺, F9, 
白色月长石, 银刺, F9, 
舒如坎的火焰护身符, 银刺, F9, 
铭文剑维怒维斯, 银刺, F9, 
Lv8, 银刺, F9, 
携带海怪之牙触发挑战, 银刺, F9, 
掉落列表, 银刺, F9, 
枯萎树冠, 父债子还, 第二层, 
树妖木, 父债子还, 第二层, 
树脂护腕, 父债子还, 第二层, 
永恒树人之泪, 父债子还, 第二层, 
阴沉木十字, 父债子还, 第二层, 
拉尚祭祀的黑色斗篷, 父债子还, 第三层, 
骨笛, 父债子还, 第四层, 
一瓶冰冷的水, 父债子还, 第五层, 
伊洛因·晨露的攻城长弓, 父债子还, 第六层, 
否定之锤, 父债子还, 第六层, 
坏疽, 父债子还, 第六层, 
提-安灵魂耳环, 父债子还, 第六层, 
无底的镇静剂瓶, 父债子还, 第六层, 
系铃铛的脚带, 父债子还, 第六层, 
耳聋的小妖精, 父债子还, 第六层, 
被诅咒的黑发, 父债子还, 第六层, 
装有两把双管手枪的华丽靴子, 父债子还, 第六层, 
食尸鬼少女之戒, 父债子还, 第六层, 
高贵男爵裤子, 父债子还, 第六层, 
黑色队长外套, 父债子还, 第六层, 
漫溢寒气的水晶雕饰, 父债子还, 第六层, 
热空气, 第二道门, 第一层, 
火晶石, 第二道门, 第二层, 
巨大的硫磺块, 第二道门, 第二层, 
火羽箭, 第二道门, 第三层, 
火鸟之肤, 第二道门, 第三层, 
火鸟翼, 第二道门, 第三层, 
深红魔星, 第二道门, 第十层, 
火焰小妖精, 第二道门, 第十层, (携带妖精的友谊，向日葵徽章
兹也·盖若特的永恒火焰鳞甲, 第二道门, 第十层, 
兹也·盖若特的火焰之冠, 第二道门, 第十层, 
兹也·盖若特的火焰阔斧, 第二道门, 第十层, 
兹也·盖若特的烈阳长枪, 第二道门, 第十层, 
军事格斗的艺术 卷二, 第二道门, 第十层, 
吸血鬼头骨, 第二道门, 第十层, 
屠格若隆的石链, 第二道门, 第十层, 
巨人之王的黄金酒壶, 第二道门, 第十层, 
火元素之花, 第二道门, 第十层, 
火焰之符文戒, 第二道门, 第十层, 
火焰冰雹, 第二道门, 第十层, 
火焰符文链甲手套, 第二道门, 第十层, 
火焰符文链甲护腿, 第二道门, 第十层, 
火焰符文链甲护额, 第二道门, 第十层, 
火焰符文链甲衫, 第二道门, 第十层, 
火焰符文链甲靴, 第二道门, 第十层, 
火箭术的红宝石胸针, 第二道门, 第十层, 
维度的碎片, 第二道门, 第十层, 
角斗士大师腰带, 第二道门, 第十层, 
重型火焰符文板甲手套, 第二道门, 第十层, 
重型火焰符文板甲护腿, 第二道门, 第十层, 
重型火焰符文板甲衫, 第二道门, 第十层, 
重型火焰符文板甲靴, 第二道门, 第十层, 
重型火焰符文链甲护额, 第二道门, 第十层, 
阿纽姆的大型镜盾, 第二道门, 第十层, 
圣像会神庙之无尽水瓶, 第二道门, 第十层, 
捕梦网, 沼泽中的巨石阵, F1, 
卡莱登的血刃, 沼泽中的巨石阵, F7, 
卡莱登的诅咒盔甲, 沼泽中的巨石阵, F7, 
尼安德特石匕, 沼泽中的巨石阵, F7, 
巨石阵, 沼泽中的巨石阵, F7, 
巨石阵头盔, 沼泽中的巨石阵, F7, 
巨石阵护手, 沼泽中的巨石阵, F7, 
巨石阵护腿, 沼泽中的巨石阵, F7, 
巨石阵盔甲, 沼泽中的巨石阵, F7, 
巨石阵靴子, 沼泽中的巨石阵, F7, 
强击手套, 沼泽中的巨石阵, F7, 
死亡之击护腕, 沼泽中的巨石阵, F7, 
死亡军团的旗帜, 沼泽中的巨石阵, F7, 
死亡尖钉, 沼泽中的巨石阵, F7, 
石柱碎片, 沼泽中的巨石阵, F7, 
紫罗兰细剑, 沼泽中的巨石阵, F7, 
猎人靴, 护送, F7, 
伊洛因·晨露的骑射弓, 护送, F7, 
一盒用水晶制作的达姆弹, 护送, F8, 
良好的山脉结晶手镯, 护送, F8, 
角斗士的钢铁三叉戟, 护送, F8, 
象牙筷, 护送, F8, 
霜焰镀金戒指, 护送, F8, 
麻痹之杖, 护送, F8, 
荆棘猎手的丛林长靴, 护送, F9, (+猎人靴[X] &巨型钻石[X] &木屐[X])
荆棘猎手的羽叶头环, 护送, F9, (+猎人帽[X] &巨型钻石[X] &塔娜拉的头巾[X])
荆棘猎手的苍绿色耳钉, 护送, F9, (+石像鬼鼻环[X])
荆棘猎手的苍翠皮甲, 护送, F9, (+猎人皮甲[X] &巨型钻石[X] &真丝披风[X])
荆棘猎手的软束腰, 护送, F9, (+兽人弓箭手腰带[X])
佩德洛克的隐蔽射击披风, 阴影之心, 第一层, 
塔娜拉双射弓, 阴影之心, 第一层, 
塔娜拉的黑暗手段之书, 阴影之心, 第一层, 
枯萎之石, 阴影之心, 第一层, 
蜥蜴人项链, 阴影之心, 第三层, 
阴影之书, 阴影之心, 第三层, 
奇美拉之山羊首, 阴影之心, 第五层, 
奇美拉之狮子首, 阴影之心, 第五层, 
奇美拉之蛇首, 阴影之心, 第五层, 
安息者, 阴影之心, 第五层, 
怒拳项链, 阴影之心, 第五层, 
暗影之钢, 阴影之心, 第五层, 
棱柱眼镜, 阴影之心, 第五层, 
流动炼金术士工具包, 阴影之心, 第五层, 
迪莫桑祭祀的绯红披风, 阴影之心, 第五层, 
钵与杵, 阴影之心, 第五层, 
钵与磨, 阴影之心, 第五层, 
黑色奇美拉之核心, 阴影之心, 第五层, 
阴影之井的井水, 阴影之心, 第五层, 
黑暗仪式之戒, 阴影之心, 第五层, (+ 黑暗祭礼之戒 [X] & 跳舞的阴影 [X] )
黑色菱形水晶, 阴影之心, 第五层, 
万物粉砕, 阴影之心, 第五层, （带黑色菱形水晶变更）
冥河死鸦, 阴影之心, 第五层, （带黑色菱形水晶变更）
孤山长杖, 阴影之心, 第五层, （带黑色菱形水晶变更）
幽影之网, 阴影之心, 第五层, （带黑色菱形水晶变更）
暗杀潜踪, 阴影之心, 第五层, （带黑色菱形水晶变更）
混乱战技之戒, 阴影之心, 第五层, （带黑色菱形水晶变更）
白凤飞翔, 阴影之心, 第五层, （带黑色菱形水晶变更）
血色新月, 阴影之心, 第五层, （带黑色菱形水晶变更）
谭森之脑, 阴影之心, 第五层, （带黑色菱形水晶变更）
银色戒律, 阴影之心, 第五层, （带黑色菱形水晶变更）
阴影战盔, 阴影之心, 第五层, （带黑色菱形水晶变更）
阴影战裙, 阴影之心, 第五层, （带黑色菱形水晶变更）
黑暗升腾, 阴影之心, 第五层, （带黑色菱形水晶变更）
关特琳奶酪饼干屑, 小，却高！, F2, 
蟑螂盔, 小，却高！, F2, 
蟑螂触角, 小，却高！, F2, 
崇拜者的角盾, 小，却高！, F3, 
牙签, 小，却高！, F3, 
关特琳的拖布条, 小，却高！, F4, 
关特琳奶酪饼干屑, 小，却高！, F4, 
老鼠弓, 小，却高！, F5, (+牙签[X])
鼠牙耳环, 小，却高！, F5, 
伊欧南的精神之戒, 小，却高！, F6, 
山体结晶之戒, 小，却高！, F6, 
彩色碎玻璃, 小，却高！, F6, 
《北方的提尔》, 小，却高！, F6, 
饼干盾, 小，却高！, F6, 
携带《北方的提尔》触发挑战, 小，却高！, F6, 
挑战掉落列表, 小，却高！, F6, 
棕色巨石, 劳累一天后的夜晚, 第一层, 
一瓶木槿花汁, 劳累一天后的夜晚, 第六层, 
壳中的灵魂, 劳累一天后的夜晚, 第六层, 
摩拉丁的锻魂之锤, 劳累一天后的夜晚, 第六层, 
沃夫克拉夫特大帝的戒指, 劳累一天后的夜晚, 第六层, 
沃夫克拉夫特大帝的项链, 劳累一天后的夜晚, 第六层, 
谜语手杖, 劳累一天后的夜晚, 第六层, 
常青藤戒指, 劳累一天后的夜晚, 第六层, 
萤火虫, 劳累一天后的夜晚, 第七层, 
绿色小妖精, 绿野仙踪, 第二层, 
棕色小妖精, 绿野仙踪, 第三层, 
橙色小妖精, 绿野仙踪, 第三层, 
赭色小妖精, 绿野仙踪, 第三层, 
一瓶妖精威士忌酒, 绿野仙踪, 第四层, 
灰色小妖精, 绿野仙踪, 第四层, 
仙灵剑, 绿野仙踪, 第五层, 
仙灵投石索, 绿野仙踪, 第五层, 
感知的仙灵投石索, 绿野仙踪, 第五层, 
瀚力仙灵剑, 绿野仙踪, 第五层, 
石制力量妖精斧, 绿野仙踪, 第五层, 
石制力量妖精锤, 绿野仙踪, 第五层, 
石制妖精斧, 绿野仙踪, 第五层, 
石制妖精锤, 绿野仙踪, 第五层, 
红色小妖精, 绿野仙踪, 第五层, 
蓝色小妖精, 绿野仙踪, 第五层, 
感知的仙灵投石索, 绿野仙踪, 第六层, 
瀚力仙灵剑, 绿野仙踪, 第六层, 
灵巧仙灵剑, 绿野仙踪, 第六层, 
灵巧的仙灵投石索, 绿野仙踪, 第六层, 
石制力量妖精斧, 绿野仙踪, 第六层, 
石制力量妖精锤, 绿野仙踪, 第六层, 
石制灵巧妖精斧, 绿野仙踪, 第六层, 
石制灵巧妖精锤, 绿野仙踪, 第六层, 
金色小妖精, 绿野仙踪, 第六层, 
青铜色小妖精, 绿野仙踪, 第六层, 
一瓶妖精蜂蜜酒, 绿野仙踪, 第七层, 
仙灵石, 绿野仙踪, 第七层, 
妖精的友谊，向日葵徽章, 绿野仙踪, 第七层, 
妖精的小锤, 绿野仙踪, 第七层, 
妖精的羽衣, 绿野仙踪, 第七层, 
紫色小妖精, 绿野仙踪, 第七层, 
巨大皇蜂工蜂, 绿野仙踪, 第七层, 
厚重的字典, 遗失的书籍, 第二层, 
无火之焰, 遗失的书籍, 第二层, 
活动的纸偶, 遗失的书籍, 第二层, 
活化捕鼠器, 遗失的书籍, 第二层, 
纸盔甲, 遗失的书籍, 第二层, 
陈旧的梯子, 遗失的书籍, 第二层, 
战舞者披风, 遗失的书籍, 第四层, 
暗精灵剑舞手套, 遗失的书籍, 第四层, 
暗精灵战斗披风, 遗失的书籍, 第四层, 
暗精灵锁子甲, 遗失的书籍, 第四层, 
暗淡的红色石头, 遗失的书籍, 第五层, 
嘉希拉的项链, 遗失的书籍, 第六层, 
受难者之泪, 遗失的书籍, 第七层, 
索坎的疯狂日记, 遗失的书籍, 第七层, 
魔鬼之舌, 遗失的书籍, 第七层, 
被变形虫寄生的脑液, 遗失的书籍, 第七层, 
苍白之血, 遗失的书籍, 第七层, 
携带嘉希拉的项链, 遗失的书籍, 第七层, 
索坎的指环, 遗失的书籍, 第七层, 
南丁格尔的手册, 图书馆的一夜, 第七层, 
喜欢读书的小妖精, 图书馆的一夜, 第七层, (+妖精的友谊，向日葵徽章)
崇高教育者披风, 图书馆的一夜, 第七层, 
暗红色高阶魔法袍, 图书馆的一夜, 第七层, 
火红双焦镜, 图书馆的一夜, 第七层, 
灵魂魔力骨戒, 图书馆的一夜, 第七层, (+魔力骨戒[X] & 被污染的铁树木[X])
炼金配方分卷, 图书馆的一夜, 第七层, 
知识长袍, 图书馆的一夜, 第七层, 
艾伦多的歌集卷三, 图书馆的一夜, 第七层, 
高级天蓝色法师袍, 图书馆的一夜, 第七层, 
高级白色法师袍, 图书馆的一夜, 第七层, 
高阶舞蹈大师披风, 图书馆的一夜, 第七层, 
欧德弗手稿, 危险的知识, F3, 
恐惧之书的残页, 危险的知识, F4, 
军事格斗的艺术 卷一, 危险的知识, F5, 
军事格斗的艺术 卷二, 危险的知识, F5, 
黑檀之手, 危险的知识, F6, (+巫妖之手[X] &魔法扫把[X] ) 威势：厄运降临＞5
黑色学徒围裙, 危险的知识, F6, (+魔法师围裙[X] ) 威势：厄运降临＞5
黑色学徒尖顶帽, 危险的知识, F6, (+黑色尖顶帽[X] ) 威势：厄运降临＞5
黑色学徒手套, 危险的知识, F6, (+亡灵学徒手套[X] ) 威势：厄运降临＞5
黑色学徒扫把, 危险的知识, F6, (+女巫扫把[X] ) 威势：厄运降临＞5
黑色学徒高领披肩, 危险的知识, F6, (+黑色高领披风[X] ) 威势：厄运降临＞5
黑色学徒鬼火炉, 危险的知识, F6, (+小型魔法火炉[X] ) 威势：厄运降临＞5
七封印之书, 危险的知识, F7, 
医师长袍, 危险的知识, F7, 
大块冰霜精萃, 危险的知识, F7, 
大块火焰精萃, 危险的知识, F7, 
大块獸皮精萃, 危险的知识, F7, 
大块皮革精萃, 危险的知识, F7, 
小笔记本, 危险的知识, F7, 
少量的冰, 危险的知识, F7, 
少量的毛皮, 危险的知识, F7, 
少量的火焰, 危险的知识, F7, 
少量的皮子, 危险的知识, F7, 
炼金配方分卷, 危险的知识, F7, 
科利尔的预感, 危险的知识, F7, 
老学究的眼镜, 危险的知识, F7, 
魔法书签, 危险的知识, F7, 
冰冷大地, 危险的知识, F7, 
猞猁皮, 危险的知识, 第一层, 
《一千个梦夜》, 危险的知识, 第二层, (队伍成员有冒险者触发掉落)
乌尼果的命运头盔, 危险的知识, 第二层, 
艾斯米亚风暴之刃, 危险的知识, 第二层, 
艾斯米亚风暴之戒, 危险的知识, 第二层, 
艾斯米亚风暴头巾, 危险的知识, 第二层, 
闪亮的纯金耳环, 危险的知识, 第二层, 
主教帽, 危险的知识, 第三层, 
巨魔战士护腕, 危险的知识, 第三层, 
巨魔格斗拳套, 危险的知识, 第三层, 
克萨的魔法戒指, 危险的知识, 第七层, 
新安的头骨, 危险的知识, 第七层, 
新安的尾骨, 危险的知识, 第七层, 
献祭之杯, 危险的知识, 第七层, 
埃姆-阿精灵的笔记, 危险的知识, 第七层, 
抛光骑兵靴, 危险的知识, 第八层, 
港口劫掠者, 危险的知识, 第八层, 
路巴尔观测器, 危险的知识, 第八层, 
龙之火绳枪, 危险的知识, 第八层, 
带有帝国徽记的勋章, 危险的知识, 第九层,  携带暗精灵吟游诗人的便条[X] &卡鲁伽战斧
焚雾之链, 神圣礼堂, 第二层, 
系铃铛的脚带, 神圣礼堂, 第二层, 
红砷镍矿链甲上衣, 神圣礼堂, 第二层, 
编织者的黑暗纺纱, 神圣礼堂, 第二层, 
冰尘剑, 神圣礼堂, 第四层, 
凯欣的防护护身符, 神圣礼堂, 第四层, 
圣苏拉美的小雕像, 神圣礼堂, 第四层, 
寒冰枷锁, 神圣礼堂, 第四层, 
强力抗魔之神圣链甲束腰外衣, 神圣礼堂, 第四层, 
挂铃法杖, 神圣礼堂, 第四层, 
祈祷书, 神圣礼堂, 第四层, 
自由女神, 神圣礼堂, 第四层, 
阿斯卡的塑身腿铠, 神圣礼堂, 第四层, 
阿斯卡的高挑战靴, 神圣礼堂, 第四层, 
霜蜥皮衣, 神圣礼堂, 第四层, 
佩西里奥斯之书, 神圣礼堂, 第五层, 
卡尔多之书, 神圣礼堂, 第五层, 
双焦透镜, 神圣礼堂, 第五层, 
文森特圣龛的黄金钥, 神圣礼堂, 第五层, 
沃根的护手, 神圣礼堂, 第五层, 
沃根的护胸, 神圣礼堂, 第五层, 
沃根的护腕, 神圣礼堂, 第五层, 
沃根的板甲靴, 神圣礼堂, 第五层, 
沃根的链甲护腿, 神圣礼堂, 第五层, 
沃根的面罩头盔, 神圣礼堂, 第五层, 
源质圣水, 神圣礼堂, 第五层, 
神圣头骨, 神圣礼堂, 第五层, 
祭坛蜡烛, 神圣礼堂, 第五层, 
被污染的神圣头骨, 神圣礼堂, 第五层, 
黑色虚弱披风, 神圣礼堂, 第五层, 
光束, 神圣礼堂, 第六层, 
德摩伽，绝对神圣阿尔达容之锏, 神圣礼堂, 第六层, 
染血的祭司袍, 神圣礼堂, 第六层, 
加雷杰的狩猎, 神圣礼堂, 第六层, 
巴德霍德-兄与弟, 神圣礼堂, 第六层, 
灰烬爪, 神圣礼堂, 第六层, 
爱奥拉的引导之手, 神圣礼堂, 第六层, 
狼人犬齿项链, 神圣礼堂, 第六层, 
装有圣土的小皮袋, 神圣礼堂, 第六层, 
迪莫桑之怒, 神圣礼堂, 第六层, 
沃根的护胸, 神圣礼堂, 第六层, 
沃根的面罩头盔, 神圣礼堂, 第六层, 
怨仇, 神圣礼堂, 第六层, 
精灵宝骏, 神圣礼堂, 第六层, 
白骑士的神圣长矛, 神圣礼堂, 第六层, (+阿力克的神圣长矛 [X]) 携带阿力克的神圣长矛 触发 隐藏剧情
白骑士的链甲护额, 神圣礼堂, 第六层, (+阿力克的链甲护额 [X]) 携带阿力克的神圣长矛 触发 隐藏剧情
暗影狼人毛皮, 神圣礼堂, 第六层, 携带阿力克的神圣长矛 触发 隐藏剧情
福瑞克的最后证据, 神圣礼堂, 第六层, 携带阿力克的神圣长矛 触发 隐藏剧情
梅瑞欧克沙漏之砂, 时间，星光和佛罗特旺的猎人, 第一层, （必须通过一次星光才有几率掉率）
不幸的纺锤, 时间，星光和佛罗特旺的猎人, 第二层, 
佛罗特旺的堕落, 时间，星光和佛罗特旺的猎人, 第二层, 
暗夜之刺, 时间，星光和佛罗特旺的猎人, 第二层, 
桦木冠, 时间，星光和佛罗特旺的猎人, 第二层, 
奇尔可的绒毛, 时间，星光和佛罗特旺的猎人, 第三层, 
伊莎贝拉的治疗之杖, 时间，星光和佛罗特旺的猎人, 第五层, 
彼特的霰弹枪, 时间，星光和佛罗特旺的猎人, 第五层, 
月长石鸭子, 时间，星光和佛罗特旺的猎人, 第五层, 
有光泽的水晶, 时间，星光和佛罗特旺的猎人, 第五层, 
侏儒日报, 时间，星光和佛罗特旺的猎人, 第六层, 
陷阱手套, 时间，星光和佛罗特旺的猎人, 第六层, 
五彩星矢, 时间，星光和佛罗特旺的猎人, 第七层, 
五彩星石, 时间，星光和佛罗特旺的猎人, 第七层, 
五彩星箭, 时间，星光和佛罗特旺的猎人, 第七层, 
时间孤立卷轴, 时间，星光和佛罗特旺的猎人, 第七层, 
时间织联护符, 时间，星光和佛罗特旺的猎人, 第七层, 
时间衍生护符, 时间，星光和佛罗特旺的猎人, 第七层, 
时间跃迁护符, 时间，星光和佛罗特旺的猎人, 第七层, 
星幽弹, 时间，星光和佛罗特旺的猎人, 第七层, 
星幽砧, 时间，星光和佛罗特旺的猎人, 第七层, 
星火卷轴, 时间，星光和佛罗特旺的猎人, 第七层, 
熔星石晶, 时间，星光和佛罗特旺的猎人, 第七层, 
熔星硫磺, 时间，星光和佛罗特旺的猎人, 第七层, 
符印星石, 时间，星光和佛罗特旺的猎人, 第七层, 
辉印星石, 时间，星光和佛罗特旺的猎人, 第七层, 
时间精灵, 时间，星光和佛罗特旺的猎人, 第八层, (必须通过一次星光才有几率掉率）
装着扑克牌的袋子, 峡谷侦察, 第一层, 
公平手镯, 峡谷侦察, 第二层, 
刻有活跃符文的战斗腰带, 峡谷侦察, 第三层, 
刻有迪莫桑符号的头环, 峡谷侦察, 第三层, 
加长火把, 峡谷侦察, 第三层, 
巨型火把, 峡谷侦察, 第三层, 
火把, 峡谷侦察, 第三层, 
狂信之盔, 峡谷侦察, 第三层, 
狂野灵魂项链, 峡谷侦察, 第四层, 
棱镜碎片, 峡谷侦察, 第五层, 
石像鬼的噩梦石弹, 峡谷侦察, 第七层, 
石像鬼的魔力护符, 峡谷侦察, 第七层, 
石像鬼的魔力耳环, 峡谷侦察, 第七层, 
三犬狱炎冠, 峡谷侦察, 第九层, 
地狱犬, 峡谷侦察, 第九层, 
火恶魔之皮, 峡谷侦察, 第九层, 
烈焰王冠, 峡谷侦察, 第九层, 
血肉饥渴骨戒, 峡谷侦察, 第九层, (+镂空骨戒[X] & 食人魔之王的血石[X])
飞火, 峡谷侦察, 第九层, 
鬼神秘学套装部件, 峡谷侦察, 第九层, 
脱帽，向亲王致敬！, 峡谷侦察, 第九层, 
雷鸣食人魔战锤, 峡谷侦察, F1, 
黑锋蛇舌, 峡谷侦察, F2, 
镀金绳鞋, 峡谷侦察, F3, 
卡杜亚之火, 峡谷侦察, F4, 
麻醉剂, 峡谷侦察, F4, 
卡拉希雪兔皮毛, 峡谷侦察, F5, 
雪蓟, 峡谷侦察, F5, 
冷酷仙灵, 峡谷侦察, F5, (+萨索娜，花妖精之女王&仙灵追随者[X])
哈里发的金苹果, 峡谷侦察, F6, 
塔米尔的安全手套, 峡谷侦察, F7, 
塔米尔的安全之靴, 峡谷侦察, F7, 
皇家财富钱袋, 峡谷侦察, F7, 
致塔米尔的信, 峡谷侦察, F7, 
一盒用水晶制作的达姆弹, 血腥之手, F2, 
沼泽黄瓜, 血腥之手, F2, 
一瓶矮人麦酒, 血腥之手, F4, 
矮人王之符文戒, 血腥之手, F4, 
冰盾之石板, 血腥之手, F5, 
浅绿色的束腰外衣, 血腥之手, F5, 
乌兰楚华的黑耀石之刃, 血腥之手, F6, 
娜黎比阿的冰花, 血腥之手, F6, 
寂静之靴, 血腥之手, F6, 
电闪, 血腥之手, F6, 
神速之靴, 血腥之手, F6, 
箭镞, 血腥之手, F6, 
翡翠小蛇, 血腥之手, F6, 
雷鸣, 血腥之手, F6, 
仙灵追随者, 结局, F1, (+仙灵投石索or灵巧的仙灵投石索or感知的仙灵投石索)
扭曲的杨树根, 结局, F1, 
汉娜奶奶的老煮锅, 结局, F3, 
诡技仙灵, 结局, F3, (+萨索娜，花妖精之女王&仙灵追随者[X])
携带带有剑跃者徽记的斗篷×3 触发隐藏剧情, 结局, F3, 
剑跃者指环, 结局, F3, 
剑跃者之裙, 结局, F4, 
黯影之刃, 结局, F4, 
白梦弦弓, 结局, F5, 
霜恸, 结局, F5, 
无厘头的小册子, 结局, F6, 
歧刃杖, 结局, F6, 
黯影之刃, 结局, F6, 
携带气之裂片开启兑换, 结局, F6, 
卡鲁伽的天空清扫者, 结局, F6, （+卡鲁伽战斧[X]&气之裂片[X]）
格拉诺克的风狼毫, 结局, F6, （+一绺白狼毛[X]&气之裂片[X]）
犹达·科尔的不和谐音, 结局, F6, （+犹达·科尔的非难之刀[X]&气之裂片[X]）
短牙的金属霹雳, 结局, F6, （+短牙的魔法战锤[X]&气之裂片[X]）
雷果的顺风弩, 结局, F6, （+雷果喷矢器[X]&气之裂片[X]）
马拉其的风暴火花, 结局, F6, （+马拉其的黄金锁链[X]&气之裂片[X]）
鼠脸的迅捷护腕, 结局, F6, （+奇丑无比的手镯[X]&气之裂片[X]）
伊洛因·晨露的神圣复合长弓, 结局, F8, 
剑跃者之裙, 结局, F8, 
歧刃杖, 结局, F8, 
霜恸, 结局, F8, 
黯影之刃, 结局, F8, 
剑跃者之裙, 结局, F9, 
剑跃者宝典, 结局, F9, 
剑跃者锐哨, 结局, F9, 
剑跃者剑舞腰带, 结局, F9, 
剑跃者首领外衣, 结局, F9, 
剑跃者黑手套, 结局, F9, 
乌尼果的优质皮制腰带, 结局, F9, 
无厘头的小册子, 结局, F9, 
歧刃杖, 结局, F9, 
活力的黯影之刃, 结局, F9, 
灵巧的黯影之刃, 结局, F9, 
精制刃矛, 结局, F9, 
紫水晶黯影之刃, 结局, F9, 
隐遁游侠披风, 结局, F9, 
雪猫幼崽, 结局, F9, 
霜恸, 结局, F9, 
鲜红色手术长袍, 结局, F9, 
黯影之刃, 结局, F9, 
剑跃者之网, 结局, F10, 
带有剑跃者徽记的斗篷, 结局, F10, 
歧刃杖, 结局, F10, 
超重型冰霜符文板甲手套, 结局, F10, 
超重型冰霜符文板甲护腿, 结局, F10, 
超重型冰霜符文板甲靴, 结局, F10, 
超重型冰霜符文链甲护额, 结局, F10, 
超重型冰霜符文鳞甲护胸, 结局, F10, 
超重型火焰符文板甲手套, 结局, F10, 
超重型火焰符文板甲护腿, 结局, F10, 
超重型火焰符文板甲靴, 结局, F10, 
超重型火焰符文链甲护额, 结局, F10, 
超重型火焰符文鳞甲护胸, 结局, F10, 
超重型闪电符文板甲手套, 结局, F10, 
超重型闪电符文板甲护腿, 结局, F10, 
超重型闪电符文板甲靴, 结局, F10, 
超重型闪电符文链甲护额, 结局, F10, 
超重型闪电符文鳞甲护胸, 结局, F10, 
黯影之刃, 结局, F10, 
《尤里佛的导览手册》, 尤里佛的一天, F1, 
军事乐团指挥棒, 尤里佛的一天, F2, 
尤里弗守卫旗帜, 尤里佛的一天, F3, 
五彩缠足布条, 尤里佛的一天, F4, 
凡·格拉登的披风, 尤里佛的一天, F4, 
凡·格拉登的笔记本, 尤里佛的一天, F4, 
绝望之双剑, 尤里佛的一天, F4, 
运河之光&老鼠之死&小巷之羽, 尤里佛的一天, F4, 
木屐, 尤里佛的一天, F5, 
驭虫师之斧, 尤里佛的一天, F5, 
嘉陆·鲍尔的变形戒指, 尤里佛的一天, F6, 
强横狼人臂甲, 尤里佛的一天, F6, 
狼人标记, 尤里佛的一天, F6, 
狼人爪, 尤里佛的一天, F6, 
狼人犬齿项链, 尤里佛的一天, F6, 
狼人皮, 尤里佛的一天, F6, 
一大袋石块, 尤里佛的一天, F7, 
液铜戒指, 尤里佛的一天, F7, 
万千教育法论述, 尤里佛的一天, F8, 
福瑞·草脚的烟斗, 尤里佛的一天, F8, 
福瑞·草脚的烟袋, 尤里佛的一天, F8, 
携带土之断片, 尤里佛的一天, F8, 
卡鲁伽的力场斧, 尤里佛的一天, F8, （+卡鲁伽战斧[X]&土之断片[X]）
格拉诺克特制“石棉穿梭”, 尤里佛的一天, F8, （+一绺白狼毛[X]&土之断片[X]）
犹达·科尔的钟乳尖锥, 尤里佛的一天, F8, （+犹达·科尔的非难之刀[X]&土之断片[X]）
短牙的城砖克星, 尤里佛的一天, F8, （+短牙的魔法战锤[X]&土之断片[X]）
雷果的滚石号令, 尤里佛的一天, F8, （+雷果喷矢器[X]&土之断片[X]）
马拉其的巫师赠礼, 尤里佛的一天, F8, （+马拉其的黄金锁链[X]&土之断片[X]）
鼠脸的结晶装甲, 尤里佛的一天, F8, （+奇丑无比的手镯[X]&土之断片[X]）
商旅骆驼, 扎卜耶纳的先知！, F1, 
阿斯瓦迪之鼓, 扎卜耶纳的先知！, F1, 
哈卡之石, 扎卜耶纳的先知！, F2, 
沙狮护腕, 扎卜耶纳的先知！, F2, 
迪莫桑之火, 扎卜耶纳的先知！, F2, 
沙漠仙灵, 扎卜耶纳的先知！, F2, (携带萨索娜，花妖精之女王&仙灵追随者[X])
拉尚领域之砂, 扎卜耶纳的先知！, F3, 
喷火粉末, 扎卜耶纳的先知！, F4, 
干枣, 扎卜耶纳的先知！, F4, 
挂满鲜枣的枝条, 扎卜耶纳的先知！, F4, 
提琳的鹅毛笔, 扎卜耶纳的先知！, F4, 
萨克维，集市里的猴子, 扎卜耶纳的先知！, F4, 携带黄色的塞玛克什地图[X] 触发一次性隐藏剧情
携带火之残片, 扎卜耶纳的先知！, F4, 携带黄色的塞玛克什地图[X] 触发一次性隐藏剧情
卡鲁伽斧符文碎片, 扎卜耶纳的先知！, F4, 携带黄色的塞玛克什地图[X] 触发一次性隐藏剧情（+卡鲁伽战斧[X]&火之残片[X]）
格拉诺克的浓烟起源, 扎卜耶纳的先知！, F4, 携带黄色的塞玛克什地图[X] 触发一次性隐藏剧情（+一绺白狼毛[X]&火之残片[X]）
犹达·科尔的献祭刀, 扎卜耶纳的先知！, F4, 携带黄色的塞玛克什地图[X] 触发一次性隐藏剧情（+犹达·科尔的非难之刀[X]&火之残片[X]）
短牙的破坏权杖, 扎卜耶纳的先知！, F4, 携带黄色的塞玛克什地图[X] 触发一次性隐藏剧情（+短牙的魔法战锤[X]&火之残片[X]）
雷果的爆矢枪, 扎卜耶纳的先知！, F4, 携带黄色的塞玛克什地图[X] 触发一次性隐藏剧情（+雷果喷矢器[X]&火之残片[X]）
马拉其的日舞者, 扎卜耶纳的先知！, F4, 携带黄色的塞玛克什地图[X] 触发一次性隐藏剧情（+马拉其的黄金锁链[X]&火之残片[X]）
奢华无比的手镯, 扎卜耶纳的先知！, F4, 携带黄色的塞玛克什地图[X] 触发一次性隐藏剧情（+奇丑无比的手镯[X]&火之残片[X]）
袋鼠拳击的门票, 扎卜耶纳的先知！, F5, 
袋鼠皮毛长靴, 扎卜耶纳的先知！, F5, 
先知的凉鞋, 扎卜耶纳的先知！, F6, 
孔达的烟舞者, 扎卜耶纳的先知！, F6, 
孔达的烟雾铠甲, 扎卜耶纳的先知！, F6, 
孔达的迷幻草, 扎卜耶纳的先知！, F6, 
深岩烟雾旗帜, 扎卜耶纳的先知！, F6, 
烟舞者木偶, 扎卜耶纳的先知！, F6, 
预言蜡烛, 扎卜耶纳的先知！, F6, 
食雾者, 扎卜耶纳的先知！, F6, 
半遮面纱, 扎卜耶纳的先知！, F7, 
流云扇, 扎卜耶纳的先知！, F7, 
神舞扇, 扎卜耶纳的先知！, F7, 
灰纹精灵石, 扎卜耶纳的先知！, F8, 
石榴汁, 扎卜耶纳的先知！, F8, 
缎带舞者薄衫, 扎卜耶纳的先知！, F8, 
萨茜拉的轻纱, 扎卜耶纳的先知！, F8, 
贪婪的红宝石头巾, 扎卜耶纳的先知！, F8, 
分裂碎骨, 扎卜耶纳的先知！, F9, 
塞拉兽皮, 扎卜耶纳的先知！, F9, 
翁殊的繁星斗篷, 扎卜耶纳的先知！, F9, 
火药桶, 笼罩提琳的阴云, F1, 
米索莉, 笼罩提琳的阴云, F1, 
苍星, 笼罩提琳的阴云, F1, 
魔法奶牛长袍, 笼罩提琳的阴云, F4, 
沙中之线, 笼罩提琳的阴云, F5, 
瓶装巨魔胡须提取物, 笼罩提琳的阴云, F5, 
小宝箱, 笼罩提琳的阴云, F8, 
岩布石斯的暗夜披风, 笼罩提琳的阴云, F8, 
暗精灵烈焰腰带, 笼罩提琳的阴云, F8, 
暗精灵锁子甲, 笼罩提琳的阴云, F8, 
暗精灵剥皮刀, 笼罩提琳的阴云, F8, 
蝮蛇剑, 笼罩提琳的阴云, F8, 
马拉克—尼尔的有刃长矛, 笼罩提琳的阴云, F8, 
卓尔收纳盒, 笼罩提琳的阴云, F9, 
噬魔藤裂片, 笼罩提琳的阴云, F9, 
毒蕈（大盆）, 笼罩提琳的阴云, F9, 
毒蕈（小盆）, 笼罩提琳的阴云, F9, 
泡在酒里的有纹理的巨魔胡须, 笼罩提琳的阴云, F9, 
灵魂熔炉, 笼罩提琳的阴云, F9, 
针刺草（大盆）, 笼罩提琳的阴云, F9, 
针刺草（小盆）, 笼罩提琳的阴云, F9, 
闪光的粉末, 笼罩提琳的阴云, F9, 
食人植物背包, 笼罩提琳的阴云, F9, 
魔法毒药（大盆）, 笼罩提琳的阴云, F9, 
灵巧的手套, 笼罩提琳的阴云, F10, 
神秘的永恒匕首, 笼罩提琳的阴云, F10, 
阵亡者的骨灰坛, 笼罩提琳的阴云, 第十一层, 
哈曼特的狂战士之斧, 黄金群岛之谜, F1, 
洛拉斯的宝石玫瑰, 黄金群岛之谜, F1, 
灵铠召唤：剑圣之铠, 黄金群岛之谜, F1, 
金色龙纹披风, 黄金群岛之谜, F1, 
黑色塔纹披风, 黄金群岛之谜, F1, 
翻译好的谜题, 黄金群岛之谜, F1, (+未知文字拓印[X])
石碑线, 黄金群岛之谜, F2, (携带神秘的石碑触发)
盐晶决斗用弩枪, 黄金群岛之谜, F2, (携带神秘的石碑触发)
盐晶前膛枪, 黄金群岛之谜, F2, (携带神秘的石碑触发)
盐晶匕首, 黄金群岛之谜, F2, (携带神秘的石碑触发)
盐晶手斧, 黄金群岛之谜, F2, (携带神秘的石碑触发)
盐晶投石索, 黄金群岛之谜, F2, (携带神秘的石碑触发)
盐晶折扇, 黄金群岛之谜, F2, (携带神秘的石碑触发)
盐晶法安锤, 黄金群岛之谜, F2, (携带神秘的石碑触发)
盐晶燧石手枪, 黄金群岛之谜, F2, (携带神秘的石碑触发)
盐晶盾牌, 黄金群岛之谜, F2, (携带神秘的石碑触发)
盐晶短剑, 黄金群岛之谜, F2, (携带神秘的石碑触发)
盐晶短矛, 黄金群岛之谜, F2, (携带神秘的石碑触发)
盐晶细剑, 黄金群岛之谜, F2, (携带神秘的石碑触发)
克洛格冲锋手枪, 黄金群岛之谜, F3, 
石碑线, 黄金群岛之谜, F3, 
皇家射手腰带, 黄金群岛之谜, F3, 
藤球, 黄金群岛之谜, F3, 
银质的阿克贝斯徽章, 黄金群岛之谜, F3, 
克洛格冲锋手枪, 黄金群岛之谜, F4, 
石碑线, 黄金群岛之谜, F4, 
皇家射手腰带, 黄金群岛之谜, F4, 
银质的阿克贝斯徽章, 黄金群岛之谜, F4, 
石碑线, 黄金群岛之谜, F5, 
一把混合香料的烟草, 黄金群岛之谜, F5, 
灵行结界, 黄金群岛之谜, F5, 
珊瑚结晶手镯, 黄金群岛之谜, F5, 
石碑线, 黄金群岛之谜, F6, 
仪式用神秘酒, 黄金群岛之谜, F6, 
卡柏西神酒, 黄金群岛之谜, F6, 
奇美拉骨头制成的口哨, 黄金群岛之谜, F6, 
被腐蚀的锅, 黄金群岛之谜, F7, 
黑色小妖精, 黄金群岛之谜, F7, 
石碑线, 黄金群岛之谜, F7, 
黄金雕像的碎片, 黄金群岛之谜, F7, 
古老守护者之靴, 黄金群岛之谜, F8, 
古老守护者护手, 黄金群岛之谜, F8, 
古老守护者护腕, 黄金群岛之谜, F8, 
古老守护者护腿, 黄金群岛之谜, F8, 
古老守护者披肩, 黄金群岛之谜, F8, 
古老守护者盔甲, 黄金群岛之谜, F8, 
黑色小妖精, 黄金群岛之谜, F8, 
未知文字拓印, 黄金群岛之谜, F9, 
神秘的石碑, 黄金群岛之谜, F9, (携带翻译好的谜题的谜底,猜猜是什么)
石碑线, 黄金群岛之谜, F9, 
刻有神秘文字的红色石块, 黄金群岛之谜, F9, 
宝石共鸣器, 黄金群岛之谜, F9, 
棕色注魔水晶, 黄金群岛之谜, F9, 
红色注魔水晶, 黄金群岛之谜, F9, 
莉莉丹宝石剑, 黄金群岛之谜, F9, 
莉莉丹宝石手套, 黄金群岛之谜, F9, 
蓝色注魔水晶, 黄金群岛之谜, F9, 
青色注魔水晶, 黄金群岛之谜, F9, 
黑色注魔水晶, 黄金群岛之谜, F9, 
